,common_entity,entity1,entity2,entity3,entity4
0,Avatar,2009,James Cameron,USA,non-animation
1,Pirates of the Caribbean: At World's End,2007,Gore Verbinski,USA,non-animation
2,Spectre,2015,Sam Mendes,UK,non-animation
3,The Dark Knight Rises,2012,Christopher Nolan,USA,non-animation
4,John Carter,2012,Andrew Stanton,USA,non-animation
5,Spider-Man 3,2007,Sam Raimi,USA,non-animation
6,Tangled,2010,Nathan Greno,USA,animation
7,Avengers: Age of Ultron,2015,Joss Whedon,USA,non-animation
8,Harry Potter and the Half-Blood Prince,2009,David Yates,UK,non-animation
9,Batman v Superman: Dawn of Justice,2016,Zack Snyder,USA,non-animation
10,Superman Returns,2006,Bryan Singer,USA,non-animation
11,Quantum of Solace,2008,Marc Forster,UK,non-animation
12,Pirates of the Caribbean: Dead Man's Chest,2006,Gore Verbinski,USA,non-animation
13,The Lone Ranger,2013,Gore Verbinski,USA,non-animation
14,Man of Steel,2013,Zack Snyder,USA,non-animation
15,The Chronicles of Narnia: Prince Caspian,2008,Andrew Adamson,USA,non-animation
16,The Avengers,2012,Joss Whedon,USA,non-animation
17,Pirates of the Caribbean: On Stranger Tides,2011,Rob Marshall,USA,non-animation
18,Men in Black 3,2012,Barry Sonnenfeld,USA,non-animation
19,The Hobbit: The Battle of the Five Armies,2014,Peter Jackson,New Zealand,non-animation
20,The Amazing Spider-Man,2012,Marc Webb,USA,non-animation
21,Robin Hood,2010,Ridley Scott,USA,non-animation
22,The Hobbit: The Desolation of Smaug,2013,Peter Jackson,USA,non-animation
23,The Golden Compass,2007,Chris Weitz,USA,non-animation
24,King Kong,2005,Peter Jackson,New Zealand,non-animation
25,Titanic,1997,James Cameron,USA,non-animation
26,Captain America: Civil War,2016,Anthony Russo,USA,non-animation
27,Battleship,2012,Peter Berg,USA,non-animation
28,Jurassic World,2015,Colin Trevorrow,USA,non-animation
29,Skyfall,2012,Sam Mendes,UK,non-animation
30,Spider-Man 2,2004,Sam Raimi,USA,non-animation
31,Iron Man 3,2013,Shane Black,USA,non-animation
32,Alice in Wonderland,2010,Tim Burton,USA,non-animation
33,X-Men: The Last Stand,2006,Brett Ratner,Canada,non-animation
34,Monsters University,2013,Dan Scanlon,USA,animation
35,Transformers: Revenge of the Fallen,2009,Michael Bay,USA,non-animation
36,Transformers: Age of Extinction,2014,Michael Bay,USA,non-animation
37,Oz the Great and Powerful,2013,Sam Raimi,USA,non-animation
38,The Amazing Spider-Man 2,2014,Marc Webb,USA,non-animation
39,TRON: Legacy,2010,Joseph Kosinski,USA,non-animation
40,Cars 2,2011,John Lasseter,USA,animation
41,Green Lantern,2011,Martin Campbell,USA,non-animation
42,Toy Story 3,2010,Lee Unkrich,USA,animation
43,Terminator Salvation,2009,McG,USA,non-animation
44,Furious 7,2015,James Wan,USA,non-animation
45,World War Z,2013,Marc Forster,USA,non-animation
46,X-Men: Days of Future Past,2014,Bryan Singer,USA,non-animation
47,Star Trek Into Darkness,2013,J.J. Abrams,USA,non-animation
48,Jack the Giant Slayer,2013,Bryan Singer,USA,non-animation
49,The Great Gatsby,2013,Baz Luhrmann,Australia,non-animation
50,Prince of Persia: The Sands of Time,2010,Mike Newell,USA,non-animation
51,Pacific Rim,2013,Guillermo del Toro,USA,non-animation
52,Transformers: Dark of the Moon,2011,Michael Bay,USA,non-animation
53,Indiana Jones and the Kingdom of the Crystal Skull,2008,Steven Spielberg,USA,non-animation
54,The Good Dinosaur,2015,Peter Sohn,USA,animation
55,Brave,2012,Mark Andrews,USA,animation
56,Star Trek Beyond,2016,Justin Lin,USA,non-animation
57,WALL·E,2008,Andrew Stanton,USA,animation
58,Rush Hour 3,2007,Brett Ratner,USA,non-animation
59,2012,2009,Roland Emmerich,USA,non-animation
60,A Christmas Carol,2009,Robert Zemeckis,USA,animation
61,Jupiter Ascending,2015,Lana Wachowski,USA,non-animation
62,The Legend of Tarzan,2016,David Yates,USA,non-animation
63,"The Chronicles of Narnia: The Lion, the Witch and the Wardrobe",2005,Andrew Adamson,USA,non-animation
64,X-Men: Apocalypse,2016,Bryan Singer,USA,non-animation
65,The Dark Knight,2008,Christopher Nolan,USA,non-animation
66,Up,2009,Pete Docter,USA,animation
67,Monsters vs. Aliens,2009,Rob Letterman,USA,animation
68,Iron Man,2008,Jon Favreau,USA,non-animation
69,Hugo,2011,Martin Scorsese,USA,non-animation
70,Wild Wild West,1999,Barry Sonnenfeld,USA,non-animation
71,The Mummy: Tomb of the Dragon Emperor,2008,Rob Cohen,USA,non-animation
72,Suicide Squad,2016,David Ayer,USA,non-animation
73,Evan Almighty,2007,Tom Shadyac,USA,non-animation
74,Edge of Tomorrow,2014,Doug Liman,USA,non-animation
75,Waterworld,1995,Kevin Reynolds,USA,non-animation
76,G.I. Joe: The Rise of Cobra,2009,Stephen Sommers,USA,non-animation
77,Inside Out,2015,Pete Docter,USA,animation
78,The Jungle Book,2016,Jon Favreau,UK,non-animation
79,Iron Man 2,2010,Jon Favreau,USA,non-animation
80,Snow White and the Huntsman,2012,Rupert Sanders,USA,non-animation
81,Maleficent,2014,Robert Stromberg,USA,non-animation
82,Dawn of the Planet of the Apes,2014,Matt Reeves,USA,non-animation
83,The Lovers,2015,Roland Joffé,Belgium,non-animation
84,47 Ronin,2013,Carl Rinsch,USA,non-animation
85,Captain America: The Winter Soldier,2014,Anthony Russo,USA,non-animation
86,Shrek Forever After,2010,Mike Mitchell,USA,animation
87,Tomorrowland,2015,Brad Bird,USA,non-animation
88,Big Hero 6,2014,Don Hall,USA,animation
89,Wreck-It Ralph,2012,Rich Moore,USA,animation
90,The Polar Express,2004,Robert Zemeckis,USA,animation
91,Independence Day: Resurgence,2016,Roland Emmerich,USA,non-animation
92,How to Train Your Dragon,2010,Dean DeBlois,USA,animation
93,Terminator 3: Rise of the Machines,2003,Jonathan Mostow,USA,non-animation
94,Guardians of the Galaxy,2014,James Gunn,USA,non-animation
95,Interstellar,2014,Christopher Nolan,USA,non-animation
96,Inception,2010,Christopher Nolan,USA,non-animation
97,Godzilla Resurgence,2016,Hideaki Anno,Japan,non-animation
98,The Hobbit: An Unexpected Journey,2012,Peter Jackson,USA,non-animation
99,The Fast and the Furious,2001,Rob Cohen,USA,non-animation
100,The Curious Case of Benjamin Button,2008,David Fincher,USA,non-animation
101,X-Men: First Class,2011,Matthew Vaughn,USA,non-animation
102,The Hunger Games: Mockingjay - Part 2,2015,Francis Lawrence,USA,non-animation
103,The Sorcerer's Apprentice,2010,Jon Turteltaub,USA,non-animation
104,Poseidon,2006,Wolfgang Petersen,USA,non-animation
105,Alice Through the Looking Glass,2016,James Bobin,USA,non-animation
106,Shrek the Third,2007,Chris Miller,USA,animation
107,Warcraft,2016,Duncan Jones,USA,non-animation
108,Terminator Genisys,2015,Alan Taylor,USA,non-animation
109,The Chronicles of Narnia: The Voyage of the Dawn Treader,2010,Michael Apted,USA,non-animation
110,Pearl Harbor,2001,Michael Bay,USA,non-animation
111,Transformers,2007,Michael Bay,USA,non-animation
112,Alexander,2004,Oliver Stone,Germany,non-animation
113,Harry Potter and the Order of the Phoenix,2007,David Yates,UK,non-animation
114,Harry Potter and the Goblet of Fire,2005,Mike Newell,UK,non-animation
115,Hancock,2008,Peter Berg,USA,non-animation
116,I Am Legend,2007,Francis Lawrence,USA,non-animation
117,Charlie and the Chocolate Factory,2005,Tim Burton,USA,non-animation
118,Ratatouille,2007,Brad Bird,USA,animation
119,Batman Begins,2005,Christopher Nolan,USA,non-animation
120,Madagascar: Escape 2 Africa,2008,Eric Darnell,USA,animation
121,Night at the Museum: Battle of the Smithsonian,2009,Shawn Levy,USA,non-animation
122,X-Men Origins: Wolverine,2009,Gavin Hood,USA,non-animation
123,The Matrix Revolutions,2003,Lana Wachowski,Australia,non-animation
124,Frozen,2013,Chris Buck,USA,animation
125,The Matrix Reloaded,2003,Lana Wachowski,USA,non-animation
126,Thor: The Dark World,2013,Alan Taylor,USA,non-animation
127,Mad Max: Fury Road,2015,George Miller,Australia,non-animation
128,Angels & Demons,2009,Ron Howard,USA,non-animation
129,Thor,2011,Kenneth Branagh,USA,non-animation
130,Bolt,2008,Byron Howard,USA,animation
131,G-Force,2009,Hoyt Yeatman,USA,animation
132,Wrath of the Titans,2012,Jonathan Liebesman,USA,non-animation
133,Dark Shadows,2012,Tim Burton,USA,non-animation
134,Mission: Impossible - Rogue Nation,2015,Christopher McQuarrie,China,non-animation
135,The Wolfman,2010,Joe Johnston,USA,non-animation
136,Bee Movie,2007,Steve Hickner,USA,animation
137,Kung Fu Panda 2,2011,Jennifer Yuh Nelson,USA,animation
138,The Last Airbender,2010,M. Night Shyamalan,USA,non-animation
139,Mission: Impossible III,2006,J.J. Abrams,USA,non-animation
140,White House Down,2013,Roland Emmerich,USA,non-animation
141,Mars Needs Moms,2011,Simon Wells,USA,animation
142,Flushed Away,2006,David Bowers,UK,animation
143,Pan,2015,Joe Wright,USA,non-animation
144,Mr. Peabody & Sherman,2014,Rob Minkoff,USA,animation
145,Troy,2004,Wolfgang Petersen,USA,non-animation
146,Madagascar 3: Europe's Most Wanted,2012,Eric Darnell,USA,animation
147,Die Another Day,2002,Lee Tamahori,UK,non-animation
148,Ghostbusters,2016,Paul Feig,USA,non-animation
149,Armageddon,1998,Michael Bay,USA,non-animation
150,Men in Black II,2002,Barry Sonnenfeld,USA,non-animation
151,Beowulf,2007,Robert Zemeckis,USA,animation
152,Kung Fu Panda 3,2016,Alessandro Carloni,USA,animation
153,Mission: Impossible - Ghost Protocol,2011,Brad Bird,USA,non-animation
154,Rise of the Guardians,2012,Peter Ramsey,USA,animation
155,Fun with Dick and Jane,2005,Dean Parisot,USA,non-animation
156,The Last Samurai,2003,Edward Zwick,USA,non-animation
157,Exodus: Gods and Kings,2014,Ridley Scott,UK,non-animation
158,Star Trek,2009,J.J. Abrams,USA,non-animation
159,Spider-Man,2002,Sam Raimi,USA,non-animation
160,How to Train Your Dragon 2,2014,Dean DeBlois,USA,animation
161,Gods of Egypt,2016,Alex Proyas,USA,non-animation
162,Stealth,2005,Rob Cohen,USA,non-animation
163,Watchmen,2009,Zack Snyder,USA,non-animation
164,Lethal Weapon 4,1998,Richard Donner,USA,non-animation
165,Hulk,2003,Ang Lee,USA,non-animation
166,G.I. Joe: Retaliation,2013,Jon M. Chu,USA,non-animation
167,Sahara,2005,Breck Eisner,UK,non-animation
168,Final Fantasy: The Spirits Within,2001,Hironobu Sakaguchi,USA,animation
169,Captain America: The First Avenger,2011,Joe Johnston,USA,non-animation
170,The World Is Not Enough,1999,Michael Apted,UK,non-animation
171,Master and Commander: The Far Side of the World,2003,Peter Weir,USA,non-animation
172,The Twilight Saga: Breaking Dawn - Part 2,2012,Bill Condon,USA,non-animation
173,Happy Feet 2,2011,George Miller,Australia,animation
174,The Incredible Hulk,2008,Louis Leterrier,USA,non-animation
175,The BFG,2016,Steven Spielberg,UK,non-animation
176,The Revenant,2015,Alejandro G. Iñárritu,USA,non-animation
177,Turbo,2013,David Soren,USA,animation
178,Rango,2011,Gore Verbinski,USA,animation
179,Penguins of Madagascar,2014,Eric Darnell,USA,animation
180,The Bourne Ultimatum,2007,Paul Greengrass,USA,non-animation
181,Kung Fu Panda,2008,Mark Osborne,USA,animation
182,Ant-Man,2015,Peyton Reed,USA,non-animation
183,The Hunger Games: Catching Fire,2013,Francis Lawrence,USA,non-animation
184,Home,2015,Tim Johnson,USA,animation
185,War of the Worlds,2005,Steven Spielberg,USA,non-animation
186,Bad Boys II,2003,Michael Bay,USA,non-animation
187,Puss in Boots,2011,Chris Miller,USA,animation
188,Salt,2010,Phillip Noyce,USA,non-animation
189,Noah,2014,Darren Aronofsky,USA,non-animation
190,The Adventures of Tintin,2011,Steven Spielberg,USA,non-animation
191,Harry Potter and the Prisoner of Azkaban,2004,Alfonso Cuarón,UK,non-animation
192,Australia,2008,Baz Luhrmann,Australia,non-animation
193,After Earth,2013,M. Night Shyamalan,USA,non-animation
194,Dinosaur,2000,Eric Leighton,USA,animation
195,Harry Potter and the Deathly Hallows: Part II,2011,Matt Birch,UK,non-animation
196,Night at the Museum: Secret of the Tomb,2014,Shawn Levy,USA,non-animation
197,Megamind,2010,Tom McGrath,USA,animation
198,Harry Potter and the Sorcerer's Stone,2001,Chris Columbus,UK,non-animation
199,R.I.P.D.,2013,Robert Schwentke,USA,non-animation
200,Pirates of the Caribbean: The Curse of the Black Pearl,2003,Gore Verbinski,USA,non-animation
201,Harry Potter and the Deathly Hallows: Part I,2010,Matt Birch,UK,non-animation
202,The Hunger Games: Mockingjay - Part 1,2014,Francis Lawrence,USA,non-animation
203,The Da Vinci Code,2006,Ron Howard,USA,non-animation
204,Rio 2,2014,Carlos Saldanha,USA,animation
205,X-Men 2,2003,Bryan Singer,Canada,non-animation
206,Fast Five,2011,Justin Lin,USA,non-animation
207,Sherlock Holmes: A Game of Shadows,2011,Guy Ritchie,USA,non-animation
208,Clash of the Titans,2010,Louis Leterrier,USA,non-animation
209,Total Recall,1990,Paul Verhoeven,USA,non-animation
210,The 13th Warrior,1999,John McTiernan,USA,non-animation
211,The Bourne Legacy,2012,Tony Gilroy,USA,non-animation
212,Batman & Robin,1997,Joel Schumacher,USA,non-animation
213,How the Grinch Stole Christmas,2000,Ron Howard,USA,non-animation
214,The Day After Tomorrow,2004,Roland Emmerich,USA,non-animation
215,Mission: Impossible II,2000,John Woo,USA,non-animation
216,The Perfect Storm,2000,Wolfgang Petersen,USA,non-animation
217,Fantastic 4: Rise of the Silver Surfer,2007,Tim Story,USA,non-animation
218,Life of Pi,2012,Ang Lee,USA,non-animation
219,Ghost Rider,2007,Mark Steven Johnson,USA,non-animation
220,Jason Bourne,2016,Paul Greengrass,UK,non-animation
221,Charlie's Angels: Full Throttle,2003,McG,USA,non-animation
222,Prometheus,2012,Ridley Scott,USA,non-animation
223,Stuart Little 2,2002,Rob Minkoff,USA,animation
224,Elysium,2013,Neill Blomkamp,USA,non-animation
225,The Chronicles of Riddick,2004,David Twohy,USA,non-animation
226,RoboCop,2014,José Padilha,USA,non-animation
227,Speed Racer,2008,Lana Wachowski,USA,non-animation
228,How Do You Know,2010,James L. Brooks,USA,non-animation
229,Knight and Day,2010,James Mangold,USA,non-animation
230,Oblivion,2013,Joseph Kosinski,USA,non-animation
231,Star Wars: Episode III - Revenge of the Sith,2005,George Lucas,USA,non-animation
232,Star Wars: Episode II - Attack of the Clones,2002,George Lucas,USA,non-animation
233,"Monsters, Inc.",2001,Pete Docter,USA,animation
234,The Wolverine,2013,James Mangold,USA,non-animation
235,Star Wars: Episode I - The Phantom Menace,1999,George Lucas,USA,non-animation
236,The Croods,2013,Kirk De Micco,USA,animation
237,Asterix at the Olympic Games,2008,Frédéric Forestier,France,non-animation
238,Windtalkers,2002,John Woo,USA,non-animation
239,The Huntsman: Winter's War,2016,Cedric Nicolas-Troyan,USA,non-animation
240,Teenage Mutant Ninja Turtles,2014,Jonathan Liebesman,USA,non-animation
241,Gravity,2013,Alfonso Cuarón,UK,non-animation
242,Dante's Peak,1997,Roger Donaldson,USA,non-animation
243,Teenage Mutant Ninja Turtles: Out of the Shadows,2016,Dave Green,USA,non-animation
244,Fantastic Four,2015,Josh Trank,USA,non-animation
245,Night at the Museum,2006,Shawn Levy,USA,non-animation
246,San Andreas,2015,Brad Peyton,USA,non-animation
247,Tomorrow Never Dies,1997,Roger Spottiswoode,UK,non-animation
248,The Patriot,2000,Roland Emmerich,USA,non-animation
249,Ocean's Twelve,2004,Steven Soderbergh,USA,non-animation
250,Mr. & Mrs. Smith,2005,Doug Liman,USA,non-animation
251,Insurgent,2015,Robert Schwentke,USA,non-animation
252,The Aviator,2004,Martin Scorsese,USA,non-animation
253,Gulliver's Travels,2010,Rob Letterman,USA,non-animation
254,The Green Hornet,2011,Michel Gondry,USA,non-animation
255,300: Rise of an Empire,2014,Noam Murro,USA,non-animation
256,The Smurfs,2011,Raja Gosnell,USA,animation
257,Home on the Range,2004,Will Finn,USA,animation
258,Allegiant,2016,Robert Schwentke,USA,non-animation
259,Real Steel,2011,Shawn Levy,USA,non-animation
260,The Smurfs 2,2013,Raja Gosnell,USA,animation
261,Speed 2: Cruise Control,1997,Jan de Bont,USA,non-animation
262,Ender's Game,2013,Gavin Hood,USA,non-animation
263,Live Free or Die Hard,2007,Len Wiseman,USA,non-animation
264,The Lord of the Rings: The Fellowship of the Ring,2001,Peter Jackson,New Zealand,non-animation
265,Around the World in 80 Days,2004,Frank Coraci,USA,non-animation
266,Ali,2001,Michael Mann,USA,non-animation
267,The Cat in the Hat,2003,Bo Welch,USA,non-animation
268,"I, Robot",2004,Alex Proyas,USA,non-animation
269,Kingdom of Heaven,2005,Ridley Scott,USA,non-animation
270,Stuart Little,1999,Rob Minkoff,Germany,non-animation
271,The Princess and the Frog,2009,Ron Clements,USA,animation
272,The Martian,2015,Ridley Scott,USA,non-animation
273,The Island,2005,Michael Bay,USA,non-animation
274,Town & Country,2001,Peter Chelsom,New Line,non-animation
275,Gone in Sixty Seconds,2000,Dominic Sena,USA,non-animation
276,Gladiator,2000,Ridley Scott,USA,non-animation
277,Minority Report,2002,Steven Spielberg,USA,non-animation
278,Harry Potter and the Chamber of Secrets,2002,Chris Columbus,UK,non-animation
279,Casino Royale,2006,Martin Campbell,UK,non-animation
280,Planet of the Apes,2001,Tim Burton,USA,non-animation
281,Terminator 2: Judgment Day,1991,James Cameron,USA,non-animation
282,Public Enemies,2009,Michael Mann,USA,non-animation
283,American Gangster,2007,Ridley Scott,USA,non-animation
284,True Lies,1994,James Cameron,USA,non-animation
285,The Taking of Pelham 1 2 3,2009,Tony Scott,USA,non-animation
286,Little Fockers,2010,Paul Weitz,USA,non-animation
287,The Other Guys,2010,Adam McKay,USA,non-animation
288,Eraser,1996,Chuck Russell,USA,non-animation
289,Django Unchained,2012,Quentin Tarantino,USA,non-animation
290,The Hunchback of Notre Dame,1996,Gary Trousdale,USA,animation
291,The Emperor's New Groove,2000,Mark Dindal,USA,animation
292,The Expendables 2,2012,Simon West,USA,non-animation
293,National Treasure,2004,Jon Turteltaub,USA,non-animation
294,Eragon,2006,Stefen Fangmeier,USA,non-animation
295,Where the Wild Things Are,2009,Spike Jonze,Germany,non-animation
296,Epic,2013,Chris Wedge,USA,animation
297,The Tourist,2010,Florian Henckel von Donnersmarck,USA,non-animation
298,End of Days,1999,Peter Hyams,USA,non-animation
299,Blood Diamond,2006,Edward Zwick,Germany,non-animation
300,The Wolf of Wall Street,2013,Martin Scorsese,USA,non-animation
301,Batman Forever,1995,Joel Schumacher,USA,non-animation
302,Starship Troopers,1997,Paul Verhoeven,USA,non-animation
303,Cloud Atlas,2012,Tom Tykwer,Germany,non-animation
304,Legend of the Guardians: The Owls of Ga'Hoole,2010,Zack Snyder,USA,animation
305,Catwoman,2004,Pitof,USA,non-animation
306,Hercules,2014,Brett Ratner,USA,non-animation
307,Treasure Planet,2002,Ron Clements,USA,animation
308,Land of the Lost,2009,Brad Silberling,USA,non-animation
309,The Expendables 3,2014,Patrick Hughes,USA,non-animation
310,Point Break,2015,Ericson Core,USA,non-animation
311,Son of the Mask,2005,Lawrence Guterman,USA,non-animation
312,In the Heart of the Sea,2015,Ron Howard,USA,non-animation
313,The Adventures of Pluto Nash,2002,Ron Underwood,USA,non-animation
314,Green Zone,2010,Paul Greengrass,France,non-animation
315,The Peanuts Movie,2015,Steve Martino,USA,animation
316,The Spanish Prisoner,1997,David Mamet,USA,non-animation
317,The Mummy Returns,2001,Stephen Sommers,USA,non-animation
318,Gangs of New York,2002,Martin Scorsese,USA,non-animation
319,The Flowers of War,2011,Yimou Zhang,China,non-animation
320,Surf's Up,2007,Ash Brannon,USA,animation
321,The Stepford Wives,2004,Frank Oz,USA,non-animation
322,Black Hawk Down,2001,Ridley Scott,USA,non-animation
323,The Campaign,2012,Jay Roach,USA,non-animation
324,The Fifth Element,1997,Luc Besson,France,non-animation
325,Sex and the City 2,2010,Michael Patrick King,USA,non-animation
326,The Road to El Dorado,2000,Bibo Bergeron,USA,animation
327,Ice Age: Continental Drift,2012,Steve Martino,USA,animation
328,Cinderella,2015,Kenneth Branagh,USA,non-animation
329,The Lovely Bones,2009,Peter Jackson,USA,non-animation
330,Finding Nemo,2003,Andrew Stanton,USA,animation
331,The Lord of the Rings: The Return of the King,2003,Peter Jackson,USA,non-animation
332,The Lord of the Rings: The Two Towers,2002,Peter Jackson,USA,non-animation
333,Seventh Son,2014,Sergey Bodrov,USA,non-animation
334,Lara Croft: Tomb Raider,2001,Simon West,USA,non-animation
335,Transcendence,2014,Wally Pfister,UK,non-animation
336,Jurassic Park III,2001,Joe Johnston,USA,non-animation
337,Rise of the Planet of the Apes,2011,Rupert Wyatt,USA,non-animation
338,The Spiderwick Chronicles,2008,Mark Waters,USA,non-animation
339,A Good Day to Die Hard,2013,John Moore,USA,non-animation
340,The Alamo,2004,John Lee Hancock,USA,non-animation
341,The Incredibles,2004,Brad Bird,USA,animation
342,Cutthroat Island,1995,Renny Harlin,USA,non-animation
343,Percy Jackson & the Olympians: The Lightning Thief,2010,Chris Columbus,UK,non-animation
344,Men in Black,1997,Barry Sonnenfeld,USA,non-animation
345,Toy Story 2,1999,John Lasseter,USA,animation
346,Unstoppable,2010,Tony Scott,USA,non-animation
347,Rush Hour 2,2001,Brett Ratner,USA,non-animation
348,What Lies Beneath,2000,Robert Zemeckis,USA,non-animation
349,Cloudy with a Chance of Meatballs,2009,Phil Lord,USA,animation
350,Ice Age: Dawn of the Dinosaurs,2009,Carlos Saldanha,USA,animation
351,The Secret Life of Walter Mitty,2013,Ben Stiller,USA,non-animation
352,Charlie's Angels,2000,McG,USA,non-animation
353,The Departed,2006,Martin Scorsese,USA,non-animation
354,Mulan,1998,Tony Bancroft,USA,animation
355,Tropic Thunder,2008,Ben Stiller,USA,non-animation
356,The Girl with the Dragon Tattoo,2011,David Fincher,USA,non-animation
357,Die Hard with a Vengeance,1995,John McTiernan,USA,non-animation
358,Sherlock Holmes,2009,Guy Ritchie,USA,non-animation
359,Ben-Hur,2016,Timur Bekmambetov,USA,non-animation
360,Atlantis: The Lost Empire,2001,Gary Trousdale,USA,animation
361,Alvin and the Chipmunks: The Road Chip,2015,Walt Becker,USA,animation
362,Valkyrie,2008,Bryan Singer,USA,non-animation
363,You Don't Mess with the Zohan,2008,Dennis Dugan,USA,non-animation
364,Pixels,2015,Chris Columbus,USA,animation
365,A.I. Artificial Intelligence,2001,Steven Spielberg,USA,non-animation
366,The Haunted Mansion,2003,Rob Minkoff,USA,non-animation
367,Contact,1997,Robert Zemeckis,USA,non-animation
368,Hollow Man,2000,Paul Verhoeven,USA,non-animation
369,The Interpreter,2005,Sydney Pollack,UK,non-animation
370,Percy Jackson: Sea of Monsters,2013,Thor Freudenthal,USA,non-animation
371,Lara Croft Tomb Raider: The Cradle of Life,2003,Jan de Bont,USA,non-animation
372,Now You See Me 2,2016,Jon M. Chu,USA,non-animation
373,The Saint,1997,Phillip Noyce,USA,non-animation
374,Spy Game,2001,Tony Scott,Germany,non-animation
375,Mission to Mars,2000,Brian De Palma,USA,non-animation
376,Rio,2011,Carlos Saldanha,USA,animation
377,Bicentennial Man,1999,Chris Columbus,USA,non-animation
378,Volcano,1997,Mick Jackson,USA,non-animation
379,The Devil's Own,1997,Alan J. Pakula,USA,non-animation
380,K-19: The Widowmaker,2002,Kathryn Bigelow,UK,non-animation
381,Conan the Barbarian,1982,John Milius,USA,non-animation
382,Cinderella Man,2005,Ron Howard,USA,non-animation
383,The Nutcracker in 3D,2010,Andrey Konchalovskiy,UK,non-animation
384,Seabiscuit,2003,Gary Ross,USA,non-animation
385,Twister,1996,Jan de Bont,USA,non-animation
386,Cast Away,2000,Robert Zemeckis,USA,non-animation
387,Happy Feet,2006,George Miller,USA,animation
388,The Bourne Supremacy,2004,Paul Greengrass,USA,non-animation
389,Air Force One,1997,Wolfgang Petersen,USA,non-animation
390,Ocean's Eleven,2001,Steven Soderbergh,USA,non-animation
391,The Three Musketeers,2011,Paul W.S. Anderson,Germany,non-animation
392,Hotel Transylvania,2012,Genndy Tartakovsky,USA,animation
393,Enchanted,2007,Kevin Lima,USA,animation
394,Safe House,2012,Daniel Espinosa,USA,non-animation
395,102 Dalmatians,2000,Kevin Lima,USA,non-animation
396,Tower Heist,2011,Brett Ratner,USA,non-animation
397,The Holiday,2006,Nancy Meyers,USA,non-animation
398,Enemy of the State,1998,Tony Scott,USA,non-animation
399,It's Complicated,2009,Nancy Meyers,USA,non-animation
400,Ocean's Thirteen,2007,Steven Soderbergh,USA,non-animation
401,Open Season,2006,Roger Allers,USA,animation
402,Divergent,2014,Neil Burger,USA,non-animation
403,Enemy at the Gates,2001,Jean-Jacques Annaud,USA,non-animation
404,The Rundown,2003,Peter Berg,USA,non-animation
405,Last Action Hero,1993,John McTiernan,USA,non-animation
406,Memoirs of a Geisha,2005,Rob Marshall,USA,non-animation
407,The Fast and the Furious: Tokyo Drift,2006,Justin Lin,USA,non-animation
408,Arthur Christmas,2011,Sarah Smith,UK,animation
409,Meet Joe Black,1998,Martin Brest,USA,non-animation
410,Collateral Damage,2002,Andrew Davis,USA,non-animation
411,All That Jazz,1979,Bob Fosse,USA,non-animation
412,Mirror Mirror,2012,Tarsem Singh,USA,non-animation
413,Scott Pilgrim vs. the World,2010,Edgar Wright,USA,non-animation
414,The Core,2003,Jon Amiel,USA,non-animation
415,Nutty Professor II: The Klumps,2000,Peter Segal,USA,non-animation
416,Scooby-Doo,2002,Raja Gosnell,USA,non-animation
417,Dredd,2012,Pete Travis,UK,non-animation
418,Click,2006,Frank Coraci,USA,non-animation
419,Creepshow,1982,George A. Romero,USA,non-animation
420,Cats & Dogs: The Revenge of Kitty Galore,2010,Brad Peyton,USA,non-animation
421,Jumper,2008,Doug Liman,USA,non-animation
422,Hellboy II: The Golden Army,2008,Guillermo del Toro,USA,non-animation
423,Zodiac,2007,David Fincher,USA,non-animation
424,The 6th Day,2000,Roger Spottiswoode,USA,non-animation
425,Bruce Almighty,2003,Tom Shadyac,USA,non-animation
426,The Expendables,2010,Sylvester Stallone,USA,non-animation
427,Mission: Impossible,1996,Brian De Palma,USA,non-animation
428,The Hunger Games,2012,Gary Ross,USA,non-animation
429,The Hangover Part II,2011,Todd Phillips,USA,non-animation
430,Batman Returns,1992,Tim Burton,USA,non-animation
431,Over the Hedge,2006,Tim Johnson,USA,animation
432,Lilo & Stitch,2002,Dean DeBlois,USA,animation
433,Charlotte's Web,2006,Gary Winick,USA,non-animation
434,Deep Impact,1998,Mimi Leder,USA,non-animation
435,RED 2,2013,Dean Parisot,USA,non-animation
436,The Longest Yard,2005,Peter Segal,USA,non-animation
437,Alvin and the Chipmunks: Chipwrecked,2011,Mike Mitchell,USA,animation
438,Grown Ups 2,2013,Dennis Dugan,USA,non-animation
439,Get Smart,2008,Peter Segal,USA,non-animation
440,Something's Gotta Give,2003,Nancy Meyers,USA,non-animation
441,Shutter Island,2010,Martin Scorsese,USA,non-animation
442,Four Christmases,2008,Seth Gordon,Germany,non-animation
443,Robots,2005,Chris Wedge,USA,animation
444,Face/Off,1997,John Woo,USA,non-animation
445,Bedtime Stories,2008,Adam Shankman,USA,non-animation
446,Road to Perdition,2002,Sam Mendes,USA,non-animation
447,Just Go with It,2011,Dennis Dugan,USA,non-animation
448,Con Air,1997,Simon West,USA,non-animation
449,Eagle Eye,2008,D.J. Caruso,USA,non-animation
450,Cold Mountain,2003,Anthony Minghella,USA,non-animation
451,The Book of Eli,2010,Albert Hughes,USA,non-animation
452,Flubber,1997,Les Mayfield,USA,non-animation
453,The Haunting,1999,Jan de Bont,USA,non-animation
454,Space Jam,1996,Joe Pytka,USA,animation
455,The Pink Panther,2006,Shawn Levy,USA,non-animation
456,The Day the Earth Stood Still,2008,Scott Derrickson,USA,non-animation
457,Conspiracy Theory,1997,Richard Donner,USA,non-animation
458,Fury,2014,David Ayer,USA,non-animation
459,Six Days Seven Nights,1998,Ivan Reitman,USA,non-animation
460,Yogi Bear,2010,Eric Brevig,USA,animation
461,Spirit: Stallion of the Cimarron,2002,Kelly Asbury,USA,animation
462,Zookeeper,2011,Frank Coraci,USA,non-animation
463,Lost in Space,1998,Stephen Hopkins,USA,non-animation
464,The Manchurian Candidate,2004,Jonathan Demme,USA,non-animation
465,Déjà Vu,1997,Henry Jaglom,USA,non-animation
466,Hotel Transylvania 2,2015,Genndy Tartakovsky,USA,animation
467,Fantasia 2000,1999,James Algar,USA,animation
468,The Time Machine,2002,Simon Wells,USA,non-animation
469,Mighty Joe Young,1998,Ron Underwood,USA,non-animation
470,Swordfish,2001,Dominic Sena,USA,non-animation
471,The Legend of Zorro,2005,Martin Campbell,USA,non-animation
472,What Dreams May Come,1998,Vincent Ward,USA,non-animation
473,Little Nicky,2000,Steven Brill,USA,non-animation
474,The Brothers Grimm,2005,Terry Gilliam,USA,non-animation
475,Mars Attacks!,1996,Tim Burton,USA,non-animation
476,Evolution,2015,Lucile Hadzihalilovic,France,non-animation
477,The Edge,1997,Lee Tamahori,USA,non-animation
478,Surrogates,2009,Jonathan Mostow,USA,non-animation
479,Thirteen Days,2000,Roger Donaldson,USA,non-animation
480,Daylight,1996,Rob Cohen,USA,non-animation
481,Walking with Dinosaurs 3D,2013,Barry Cook,USA,animation
482,Battlefield Earth,2000,Roger Christian,USA,non-animation
483,Looney Tunes: Back in Action,2003,Joe Dante,Germany,animation
484,Nine,2009,Rob Marshall,USA,non-animation
485,Timeline,2003,Richard Donner,USA,non-animation
486,The Postman,1997,Kevin Costner,USA,non-animation
487,Babe: Pig in the City,1998,George Miller,Australia,non-animation
488,The Last Witch Hunter,2015,Breck Eisner,USA,non-animation
489,Red Planet,2000,Antony Hoffman,USA,non-animation
490,Arthur and the Invisibles,2006,Luc Besson,France,animation
491,Oceans,2009,Jacques Perrin,France,non-animation
492,A Sound of Thunder,2005,Peter Hyams,UK,non-animation
493,Pompeii,2014,Paul W.S. Anderson,Canada,non-animation
494,Top Cat Begins,2015,Andrés Couturier,Mexico,animation
495,A Beautiful Mind,2001,Ron Howard,USA,non-animation
496,The Lion King,1994,Roger Allers,USA,animation
497,Journey 2: The Mysterious Island,2012,Brad Peyton,USA,non-animation
498,Cloudy with a Chance of Meatballs 2,2013,Cody Cameron,USA,animation
499,Red Dragon,2002,Brett Ratner,Germany,non-animation
500,Hidalgo,2004,Joe Johnston,USA,non-animation
501,Jack and Jill,2011,Dennis Dugan,USA,non-animation
502,2 Fast 2 Furious,2003,John Singleton,USA,non-animation
503,The Little Prince,2015,Mark Osborne,France,animation
504,The Invasion,2007,Oliver Hirschbiegel,USA,non-animation
505,The Adventures of Rocky & Bullwinkle,2000,Des McAnuff,USA,animation
506,The Secret Life of Pets,2016,Yarrow Cheney,Japan,animation
507,The League of Extraordinary Gentlemen,2003,Stephen Norrington,USA,non-animation
508,Despicable Me 2,2013,Pierre Coffin,USA,animation
509,Independence Day,1996,Roland Emmerich,USA,non-animation
510,The Lost World: Jurassic Park,1997,Steven Spielberg,USA,non-animation
511,Madagascar,2005,Eric Darnell,USA,animation
512,Children of Men,2006,Alfonso Cuarón,USA,non-animation
513,X-Men,2000,Bryan Singer,USA,non-animation
514,Wanted,2008,Timur Bekmambetov,USA,non-animation
515,The Rock,1996,Michael Bay,USA,non-animation
516,Ice Age: The Meltdown,2006,Carlos Saldanha,USA,animation
517,50 First Dates,2004,Peter Segal,USA,non-animation
518,Hairspray,2007,Adam Shankman,USA,non-animation
519,Exorcist: The Beginning,2004,Renny Harlin,USA,non-animation
520,Inspector Gadget,1999,David Kellogg,USA,non-animation
521,Now You See Me,2013,Louis Leterrier,USA,non-animation
522,Grown Ups,2010,Dennis Dugan,USA,non-animation
523,The Terminal,2004,Steven Spielberg,USA,non-animation
524,Hotel for Dogs,2009,Thor Freudenthal,USA,non-animation
525,Vertical Limit,2000,Martin Campbell,USA,non-animation
526,Charlie Wilson's War,2007,Mike Nichols,USA,non-animation
527,Shark Tale,2004,Bibo Bergeron,USA,animation
528,Dreamgirls,2006,Bill Condon,USA,non-animation
529,Be Cool,2005,F. Gary Gray,USA,non-animation
530,Munich,2005,Steven Spielberg,France,non-animation
531,Tears of the Sun,2003,Antoine Fuqua,USA,non-animation
532,Killers,2010,Robert Luketic,USA,non-animation
533,The Man from U.N.C.L.E.,2015,Guy Ritchie,USA,non-animation
534,Spanglish,2004,James L. Brooks,USA,non-animation
535,Monster House,2006,Gil Kenan,USA,animation
536,Bandits,2001,Barry Levinson,USA,non-animation
537,First Knight,1995,Jerry Zucker,USA,non-animation
538,Anna and the King,1999,Andy Tennant,USA,non-animation
539,Immortals,2011,Tarsem Singh,USA,non-animation
540,Hostage,2005,Florent-Emilio Siri,USA,non-animation
541,Titan A.E.,2000,Don Bluth,USA,animation
542,Hollywood Homicide,2003,Ron Shelton,USA,non-animation
543,Soldier,1998,Paul W.S. Anderson,UK,non-animation
544,Carriers,2009,David Pastor,USA,non-animation
545,Monkeybone,2001,Henry Selick,USA,animation
546,Flight of the Phoenix,2004,John Moore,USA,non-animation
547,Unbreakable,2000,M. Night Shyamalan,USA,non-animation
548,Minions,2015,Kyle Balda,USA,animation
549,Sucker Punch,2011,Zack Snyder,USA,non-animation
550,Snake Eyes,1998,Brian De Palma,USA,non-animation
551,Sphere,1998,Barry Levinson,USA,non-animation
552,The Angry Birds Movie,2016,Clay Kaytis,USA,animation
553,Fool's Gold,2008,Andy Tennant,USA,non-animation
554,Funny People,2009,Judd Apatow,USA,non-animation
555,The Kingdom,2007,Peter Berg,USA,non-animation
556,Talladega Nights: The Ballad of Ricky Bobby,2006,Adam McKay,USA,non-animation
557,Dr. Dolittle 2,2001,Steve Carr,USA,non-animation
558,Braveheart,1995,Mel Gibson,USA,non-animation
559,Jarhead,2005,Sam Mendes,Germany,non-animation
560,The Simpsons Movie,2007,David Silverman,USA,animation
561,The Majestic,2001,Frank Darabont,USA,non-animation
562,Driven,2001,Renny Harlin,USA,non-animation
563,Two Brothers,2004,Jean-Jacques Annaud,France,non-animation
564,The Village,2004,M. Night Shyamalan,USA,non-animation
565,Doctor Dolittle,1998,Betty Thomas,USA,non-animation
566,Signs,2002,M. Night Shyamalan,USA,non-animation
567,Shrek 2,2004,Andrew Adamson,USA,animation
568,Cars,2006,John Lasseter,USA,animation
569,Runaway Bride,1999,Garry Marshall,USA,non-animation
570,xXx,2002,Rob Cohen,USA,non-animation
571,The SpongeBob Movie: Sponge Out of Water,2015,Paul Tibbitt,USA,animation
572,Ransom,1996,Ron Howard,USA,non-animation
573,Inglourious Basterds,2009,Quentin Tarantino,USA,non-animation
574,Hook,1991,Steven Spielberg,USA,non-animation
575,Die Hard 2,1990,Renny Harlin,USA,non-animation
576,S.W.A.T.,2003,Clark Johnson,USA,non-animation
577,Vanilla Sky,2001,Cameron Crowe,USA,non-animation
578,Lady in the Water,2006,M. Night Shyamalan,USA,non-animation
579,AVP: Alien vs. Predator,2004,Paul W.S. Anderson,USA,non-animation
580,Alvin and the Chipmunks: The Squeakquel,2009,Betty Thomas,USA,animation
581,We Were Soldiers,2002,Randall Wallace,USA,non-animation
582,Olympus Has Fallen,2013,Antoine Fuqua,USA,non-animation
583,Star Trek: Insurrection,1998,Jonathan Frakes,USA,non-animation
584,Battle Los Angeles,2011,Jonathan Liebesman,USA,non-animation
585,Big Fish,2003,Tim Burton,USA,non-animation
586,Wolf,1994,Mike Nichols,USA,non-animation
587,War Horse,2011,Steven Spielberg,USA,non-animation
588,The Monuments Men,2014,George Clooney,USA,non-animation
589,The Abyss,1989,James Cameron,USA,non-animation
590,Wall Street: Money Never Sleeps,2010,Oliver Stone,USA,non-animation
591,Dracula Untold,2014,Gary Shore,USA,non-animation
592,The Siege,1998,Edward Zwick,USA,non-animation
593,Stardust,2007,Matthew Vaughn,UK,non-animation
594,Seven Years in Tibet,1997,Jean-Jacques Annaud,USA,non-animation
595,The Dilemma,2011,Ron Howard,USA,non-animation
596,Bad Company,2002,Joel Schumacher,USA,non-animation
597,Doom,2005,Andrzej Bartkowiak,UK,non-animation
598,I Spy,2002,Betty Thomas,USA,non-animation
599,Underworld: Awakening,2012,Måns Mårlind,USA,non-animation
600,Rock of Ages,2012,Adam Shankman,USA,non-animation
601,Hart's War,2002,Gregory Hoblit,USA,non-animation
602,Killer Elite,2011,Gary McKendry,UK,non-animation
603,Rollerball,2002,John McTiernan,USA,non-animation
604,Ballistic: Ecks vs. Sever,2002,Wych Kaosayananda,USA,non-animation
605,Hard Rain,1998,Mikael Salomon,USA,non-animation
606,Osmosis Jones,2001,Bobby Farrelly,USA,animation
607,Legends of Oz: Dorothy's Return,2013,Will Finn,USA,animation
608,Blackhat,2015,Michael Mann,USA,non-animation
609,Sky Captain and the World of Tomorrow,2004,Kerry Conran,USA,non-animation
610,Basic Instinct 2,2006,Michael Caton-Jones,UK,non-animation
611,Escape Plan,2013,Mikael Håfström,USA,non-animation
612,The Legend of Hercules,2014,Renny Harlin,USA,non-animation
613,The Sum of All Fears,2002,Phil Alden Robinson,USA,non-animation
614,The Twilight Saga: Eclipse,2010,David Slade,USA,non-animation
615,The Score,2001,Frank Oz,USA,non-animation
616,Despicable Me,2010,Pierre Coffin,USA,animation
617,Money Train,1995,Joseph Ruben,USA,non-animation
618,Ted 2,2015,Seth MacFarlane,USA,non-animation
619,Agora,2009,Alejandro Amenábar,Spain,non-animation
620,Mystery Men,1999,Kinka Usher,USA,non-animation
621,Hall Pass,2011,Bobby Farrelly,USA,non-animation
622,The Insider,1999,Michael Mann,USA,non-animation
623,The Finest Hours,2016,Craig Gillespie,USA,non-animation
624,Body of Lies,2008,Ridley Scott,USA,non-animation
625,Dinner for Schmucks,2010,Jay Roach,USA,non-animation
626,Abraham Lincoln: Vampire Hunter,2012,Timur Bekmambetov,USA,non-animation
627,Entrapment,1999,Jon Amiel,USA,non-animation
628,The X Files,1998,Rob Bowman,USA,non-animation
629,The Last Legion,2007,Doug Lefler,UK,non-animation
630,Saving Private Ryan,1998,Steven Spielberg,USA,non-animation
631,Need for Speed,2014,Scott Waugh,USA,non-animation
632,What Women Want,2000,Nancy Meyers,USA,non-animation
633,Ice Age,2002,Chris Wedge,USA,animation
634,Dreamcatcher,2003,Lawrence Kasdan,USA,non-animation
635,Lincoln,2012,Steven Spielberg,USA,non-animation
636,The Matrix,1999,Lana Wachowski,USA,non-animation
637,Apollo 13,1995,Ron Howard,USA,non-animation
638,The Santa Clause 2,2002,Michael Lembeck,USA,non-animation
639,Les Misérables,2012,Tom Hooper,USA,non-animation
640,You've Got Mail,1998,Nora Ephron,USA,non-animation
641,Step Brothers,2008,Adam McKay,USA,non-animation
642,The Mask of Zorro,1998,Martin Campbell,USA,non-animation
643,Due Date,2010,Todd Phillips,USA,non-animation
644,Unbroken,2014,Angelina Jolie Pitt,USA,non-animation
645,Space Cowboys,2000,Clint Eastwood,USA,non-animation
646,Cliffhanger,1993,Renny Harlin,USA,non-animation
647,Broken Arrow,1996,John Woo,USA,non-animation
648,The Kid,2000,Jon Turteltaub,USA,non-animation
649,World Trade Center,2006,Oliver Stone,USA,non-animation
650,Mona Lisa Smile,2003,Mike Newell,USA,non-animation
651,The Dictator,2012,Larry Charles,USA,non-animation
652,Eyes Wide Shut,1999,Stanley Kubrick,UK,non-animation
653,Annie,2014,Will Gluck,USA,non-animation
654,Focus,2015,Glenn Ficarra,USA,non-animation
655,This Means War,2012,McG,USA,non-animation
656,Blade: Trinity,2004,David S. Goyer,USA,non-animation
657,Red Dawn,1984,John Milius,USA,non-animation
658,Primary Colors,1998,Mike Nichols,France,non-animation
659,Resident Evil: Retribution,2012,Paul W.S. Anderson,Germany,non-animation
660,Death Race,2008,Paul W.S. Anderson,USA,non-animation
661,The Long Kiss Goodnight,1996,Renny Harlin,USA,non-animation
662,Proof of Life,2000,Taylor Hackford,USA,non-animation
663,Zathura: A Space Adventure,2005,Jon Favreau,USA,non-animation
664,Fight Club,1999,David Fincher,USA,non-animation
665,We Are Marshall,2006,McG,USA,non-animation
666,Hudson Hawk,1991,Michael Lehmann,USA,non-animation
667,Lucky Numbers,2000,Nora Ephron,France,non-animation
668,"I, Frankenstein",2014,Stuart Beattie,Australia,non-animation
669,Oliver Twist,2005,Roman Polanski,UK,non-animation
670,Elektra,2005,Rob Bowman,Canada,non-animation
671,Sin City: A Dame to Kill For,2014,Frank Miller,USA,non-animation
672,Random Hearts,1999,Sydney Pollack,USA,non-animation
673,Everest,2015,Baltasar Kormákur,UK,non-animation
674,Perfume: The Story of a Murderer,2006,Tom Tykwer,Germany,non-animation
675,Austin Powers in Goldmember,2002,Jay Roach,USA,non-animation
676,Astro Boy,2009,David Bowers,Hong Kong,animation
677,Jurassic Park,1993,Steven Spielberg,USA,non-animation
678,Wyatt Earp,1994,Lawrence Kasdan,USA,non-animation
679,Clear and Present Danger,1994,Phillip Noyce,USA,non-animation
680,Dragon Blade,2015,Daniel Lee,China,non-animation
681,Littleman,2006,Keenen Ivory Wayans,USA,non-animation
682,U-571,2000,Jonathan Mostow,France,non-animation
683,The American President,1995,Rob Reiner,USA,non-animation
684,The Love Guru,2008,Marco Schnabel,USA,non-animation
685,3000 Miles to Graceland,2001,Demian Lichtenstein,USA,non-animation
686,The Hateful Eight,2015,Quentin Tarantino,USA,non-animation
687,Blades of Glory,2007,Josh Gordon,USA,non-animation
688,Hop,2011,Tim Hill,USA,animation
689,300,2006,Zack Snyder,USA,non-animation
690,Meet the Fockers,2004,Jay Roach,USA,non-animation
691,Marley & Me,2008,David Frankel,USA,non-animation
692,The Green Mile,1999,Frank Darabont,USA,non-animation
693,Wild Hogs,2007,Walt Becker,USA,non-animation
694,Chicken Little,2005,Mark Dindal,USA,animation
695,Gone Girl,2014,David Fincher,USA,non-animation
696,The Bourne Identity,2002,Doug Liman,USA,non-animation
697,GoldenEye,1995,Martin Campbell,UK,non-animation
698,The General's Daughter,1999,Simon West,USA,non-animation
699,The Truman Show,1998,Peter Weir,USA,non-animation
700,The Prince of Egypt,1998,Brenda Chapman,USA,animation
701,Daddy Day Care,2003,Steve Carr,USA,non-animation
702,2 Guns,2013,Baltasar Kormákur,USA,non-animation
703,Cats & Dogs,2001,Lawrence Guterman,USA,non-animation
704,The Italian Job,2003,F. Gary Gray,USA,non-animation
705,Two Weeks Notice,2002,Marc Lawrence,USA,non-animation
706,Antz,1998,Eric Darnell,USA,animation
707,Couples Retreat,2009,Peter Billingsley,USA,non-animation
708,Days of Thunder,1990,Tony Scott,USA,non-animation
709,Cheaper by the Dozen 2,2005,Adam Shankman,USA,non-animation
710,The Scorch Trials,2015,Wes Ball,USA,non-animation
711,Eat Pray Love,2010,Ryan Murphy,USA,non-animation
712,The Family Man,2000,Brett Ratner,USA,non-animation
713,RED,2010,Robert Schwentke,USA,non-animation
714,Any Given Sunday,1999,Oliver Stone,USA,non-animation
715,The Horse Whisperer,1998,Robert Redford,USA,non-animation
716,Collateral,2004,Michael Mann,USA,non-animation
717,The Scorpion King,2002,Chuck Russell,USA,non-animation
718,Ladder 49,2004,Jay Russell,USA,non-animation
719,Jack Reacher,2012,Christopher McQuarrie,USA,non-animation
720,Deep Blue Sea,1999,Renny Harlin,USA,non-animation
721,This Is It,2009,Kenny Ortega,USA,non-animation
722,Contagion,2011,Steven Soderbergh,USA,non-animation
723,Kangaroo Jack,2003,David McNally,USA,non-animation
724,Coraline,2009,Henry Selick,USA,animation
725,The Happening,2008,M. Night Shyamalan,USA,non-animation
726,Man on Fire,2004,Tony Scott,USA,non-animation
727,The Shaggy Dog,2006,Brian Robbins,USA,non-animation
728,Starsky & Hutch,2004,Todd Phillips,USA,non-animation
729,Jingle All the Way,1996,Brian Levant,USA,non-animation
730,Hellboy,2004,Guillermo del Toro,USA,non-animation
731,A Civil Action,1998,Steven Zaillian,USA,non-animation
732,ParaNorman,2012,Chris Butler,USA,animation
733,The Jackal,1997,Michael Caton-Jones,USA,non-animation
734,Paycheck,2003,John Woo,USA,non-animation
735,Up Close & Personal,1996,Jon Avnet,USA,non-animation
736,The Tale of Despereaux,2008,Sam Fell,UK,animation
737,The Tuxedo,2002,Kevin Donovan,USA,non-animation
738,Under Siege 2: Dark Territory,1995,Geoff Murphy,USA,non-animation
739,Jack Ryan: Shadow Recruit,2014,Kenneth Branagh,USA,non-animation
740,Joy,2015,David O. Russell,USA,non-animation
741,London Has Fallen,2016,Babak Najafi,UK,non-animation
742,Alien: Resurrection,1997,Jean-Pierre Jeunet,USA,non-animation
743,Shooter,2007,Antoine Fuqua,USA,non-animation
744,The Boxtrolls,2014,Graham Annable,USA,animation
745,Practical Magic,1998,Griffin Dunne,USA,non-animation
746,The Lego Movie,2014,Phil Lord,Australia,animation
747,Miss Congeniality 2: Armed and Fabulous,2005,John Pasquin,USA,non-animation
748,Reign of Fire,2002,Rob Bowman,USA,non-animation
749,Gangster Squad,2013,Ruben Fleischer,USA,non-animation
750,Year One,2009,Harold Ramis,USA,non-animation
751,Invictus,2009,Clint Eastwood,USA,non-animation
752,State of Play,2009,Kevin Macdonald,USA,non-animation
753,Duplicity,2009,Tony Gilroy,USA,non-animation
754,My Favorite Martian,1999,Donald Petrie,USA,non-animation
755,The Sentinel,2006,Clark Johnson,USA,non-animation
756,Planet 51,2009,Jorge Blanco,Spain,animation
757,Star Trek: Nemesis,2002,Stuart Baird,USA,non-animation
758,Intolerable Cruelty,2003,Joel Coen,USA,non-animation
759,Trouble with the Curve,2012,Robert Lorenz,USA,non-animation
760,Edge of Darkness,2010,Martin Campbell,UK,non-animation
761,The Relic,1997,Peter Hyams,UK,non-animation
762,Analyze That,2002,Harold Ramis,USA,non-animation
763,Righteous Kill,2008,Jon Avnet,USA,non-animation
764,Mercury Rising,1998,Harold Becker,USA,non-animation
765,The Soloist,2009,Joe Wright,UK,non-animation
766,The Legend of Bagger Vance,2000,Robert Redford,USA,non-animation
767,Almost Famous,2000,Cameron Crowe,USA,non-animation
768,Garfield 2,2006,Tim Hill,UK,animation
769,xXx: State of the Union,2005,Lee Tamahori,USA,non-animation
770,Priest,2011,Scott Stewart,USA,non-animation
771,Sinbad: Legend of the Seven Seas,2003,Patrick Gilmore,USA,animation
772,Event Horizon,1997,Paul W.S. Anderson,UK,non-animation
773,Dragonfly,2002,Tom Shadyac,USA,non-animation
774,The Black Dahlia,2006,Brian De Palma,Germany,non-animation
775,Flyboys,2006,Tony Bill,UK,non-animation
776,The Last Castle,2001,Rod Lurie,USA,non-animation
777,Supernova,2000,Walter Hill,USA,non-animation
778,Winter's Tale,2014,Akiva Goldsman,USA,non-animation
779,The Mortal Instruments: City of Bones,2013,Harald Zwart,USA,non-animation
780,Meet Dave,2008,Brian Robbins,USA,non-animation
781,Dark Water,2005,Walter Salles,USA,non-animation
782,Edtv,1999,Ron Howard,USA,non-animation
783,Inkheart,2008,Iain Softley,Germany,non-animation
784,The Spirit,2008,Frank Miller,USA,non-animation
785,Mortdecai,2015,David Koepp,UK,non-animation
786,In the Name of the King: A Dungeon Siege Tale,2007,Uwe Boll,Germany,non-animation
787,Beyond Borders,2003,Martin Campbell,USA,non-animation
788,Xi you ji zhi: Sun Wukong san da Baigu Jing,2016,Pou-Soi Cheang,China,non-animation
789,The Great Raid,2005,John Dahl,USA,non-animation
790,Deadpool,2016,Tim Miller,USA,non-animation
791,Holy Man,1998,Stephen Herek,USA,non-animation
792,American Sniper,2014,Clint Eastwood,USA,non-animation
793,Goosebumps,2015,Rob Letterman,USA,non-animation
794,Just Like Heaven,2005,Mark Waters,USA,non-animation
795,The Flintstones in Viva Rock Vegas,2000,Brian Levant,USA,non-animation
796,Rambo III,1988,Peter MacDonald,USA,non-animation
797,Leatherheads,2008,George Clooney,USA,non-animation
798,The Ridiculous 6,2015,Frank Coraci,USA,non-animation
799,Did You Hear About the Morgans?,2009,Marc Lawrence,USA,non-animation
800,The Internship,2013,Shawn Levy,USA,non-animation
801,Resident Evil: Afterlife,2010,Paul W.S. Anderson,Germany,non-animation
802,Red Tails,2012,Anthony Hemingway,USA,non-animation
803,The Devil's Advocate,1997,Taylor Hackford,USA,non-animation
804,That's My Boy,2012,Sean Anders,USA,non-animation
805,DragonHeart,1996,Rob Cohen,USA,non-animation
806,After the Sunset,2004,Brett Ratner,USA,non-animation
807,Ghost Rider: Spirit of Vengeance,2011,Mark Neveldine,USA,non-animation
808,Captain Corelli's Mandolin,2001,John Madden,UK,non-animation
809,The Pacifier,2005,Adam Shankman,Canada,non-animation
810,Walking Tall,2004,Kevin Bray,USA,non-animation
811,Forrest Gump,1994,Robert Zemeckis,USA,non-animation
812,Alvin and the Chipmunks,2007,Tim Hill,USA,animation
813,Meet the Parents,2000,Jay Roach,USA,non-animation
814,Pocahontas,1995,Mike Gabriel,USA,animation
815,Superman,1978,Richard Donner,USA,non-animation
816,The Nutty Professor,1996,Tom Shadyac,USA,non-animation
817,Hitch,2005,Andy Tennant,USA,non-animation
818,George of the Jungle,1997,Sam Weisman,USA,non-animation
819,American Wedding,2003,Jesse Dylan,USA,non-animation
820,Captain Phillips,2013,Paul Greengrass,USA,non-animation
821,Date Night,2010,Shawn Levy,USA,non-animation
822,Casper,1995,Brad Silberling,USA,non-animation
823,The Equalizer,2014,Antoine Fuqua,USA,non-animation
824,Maid in Manhattan,2002,Wayne Wang,USA,non-animation
825,Crimson Tide,1995,Tony Scott,USA,non-animation
826,The Pursuit of Happyness,2006,Gabriele Muccino,USA,non-animation
827,Flightplan,2005,Robert Schwentke,USA,non-animation
828,Disclosure,1994,Barry Levinson,USA,non-animation
829,City of Angels,1998,Brad Silberling,Germany,non-animation
830,Kill Bill: Vol. 1,2003,Quentin Tarantino,USA,non-animation
831,Bowfinger,1999,Frank Oz,USA,non-animation
832,Kill Bill: Vol. 2,2004,Quentin Tarantino,USA,non-animation
833,Tango & Cash,1989,Andrey Konchalovskiy,USA,non-animation
834,Death Becomes Her,1992,Robert Zemeckis,USA,non-animation
835,Shanghai Noon,2000,Tom Dey,USA,non-animation
836,Executive Decision,1996,Stuart Baird,USA,non-animation
837,Mr. Popper's Penguins,2011,Mark Waters,USA,non-animation
838,The Forbidden Kingdom,2008,Rob Minkoff,USA,non-animation
839,Free Birds,2013,Jimmy Hayward,USA,animation
840,Alien 3,1992,David Fincher,USA,non-animation
841,Evita,1996,Alan Parker,USA,non-animation
842,Ronin,1998,John Frankenheimer,UK,non-animation
843,The Ghost and the Darkness,1996,Stephen Hopkins,USA,non-animation
844,Paddington,2014,Paul King,UK,animation
845,The Watch,2012,Akiva Schaffer,USA,non-animation
846,The Hunted,2003,William Friedkin,USA,non-animation
847,Instinct,1999,Jon Turteltaub,USA,non-animation
848,Stuck on You,2003,Bobby Farrelly,USA,non-animation
849,Semi-Pro,2008,Kent Alterman,USA,non-animation
850,The Pirates! Band of Misfits,2012,Peter Lord,UK,animation
851,Changeling,2008,Clint Eastwood,USA,non-animation
852,Chain Reaction,1996,Andrew Davis,USA,non-animation
853,The Fan,1996,Tony Scott,USA,non-animation
854,The Phantom of the Opera,2004,Joel Schumacher,UK,non-animation
855,Elizabeth: The Golden Age,2007,Shekhar Kapur,UK,non-animation
856,Æon Flux,2005,Karyn Kusama,USA,non-animation
857,Gods and Generals,2003,Ron Maxwell,USA,non-animation
858,Turbulence,1997,Robert Butler,USA,non-animation
859,Imagine That,2009,Karey Kirkpatrick,USA,non-animation
860,Muppets Most Wanted,2014,James Bobin,USA,non-animation
861,Thunderbirds,2004,Jonathan Frakes,UK,non-animation
862,Burlesque,2010,Steve Antin,USA,non-animation
863,A Very Long Engagement,2004,Jean-Pierre Jeunet,France,non-animation
864,Lolita,1962,Stanley Kubrick,UK,non-animation
865,Eye See You,2002,Jim Gillespie,USA,non-animation
866,Blade II,2002,Guillermo del Toro,USA,non-animation
867,Seven Pounds,2008,Gabriele Muccino,USA,non-animation
868,Bullet to the Head,2012,Walter Hill,USA,non-animation
869,The Godfather: Part III,1990,Francis Ford Coppola,USA,non-animation
870,Elizabethtown,2005,Cameron Crowe,USA,non-animation
871,"You, Me and Dupree",2006,Anthony Russo,USA,non-animation
872,Superman II,1980,Richard Lester,USA,non-animation
873,Gigli,2003,Martin Brest,USA,non-animation
874,All the King's Men,2006,Steven Zaillian,Germany,non-animation
875,Shaft,2000,John Singleton,Germany,non-animation
876,Anastasia,1997,Don Bluth,USA,animation
877,Moulin Rouge!,2001,Baz Luhrmann,USA,non-animation
878,Domestic Disturbance,2001,Harold Becker,USA,non-animation
879,Black Mass,2015,Scott Cooper,USA,non-animation
880,Flags of Our Fathers,2006,Clint Eastwood,USA,non-animation
881,Law Abiding Citizen,2009,F. Gary Gray,USA,non-animation
882,Grindhouse,2007,Robert Rodriguez,USA,non-animation
883,Beloved,1998,Jonathan Demme,USA,non-animation
884,Lucky You,2007,Curtis Hanson,USA,non-animation
885,Catch Me If You Can,2002,Steven Spielberg,USA,non-animation
886,Zero Dark Thirty,2012,Kathryn Bigelow,USA,non-animation
887,The Break-Up,2006,Peyton Reed,USA,non-animation
888,Mamma Mia!,2008,Phyllida Lloyd,USA,non-animation
889,Valentine's Day,2010,Garry Marshall,USA,non-animation
890,The Dukes of Hazzard,2005,Jay Chandrasekhar,USA,non-animation
891,The Thin Red Line,1998,Terrence Malick,USA,non-animation
892,The Change-Up,2011,David Dobkin,USA,non-animation
893,Man on the Moon,1999,Milos Forman,UK,non-animation
894,Casino,1995,Martin Scorsese,USA,non-animation
895,From Paris with Love,2010,Pierre Morel,France,non-animation
896,Bulletproof Monk,2003,Paul Hunter,USA,non-animation
897,"Me, Myself & Irene",2000,Bobby Farrelly,USA,non-animation
898,Barnyard,2006,Steve Oedekerk,Germany,animation
899,Deck the Halls,2006,John Whitesell,USA,non-animation
900,The Twilight Saga: New Moon,2009,Chris Weitz,USA,non-animation
901,Shrek,2001,Andrew Adamson,USA,animation
902,The Adjustment Bureau,2011,George Nolfi,USA,non-animation
903,Robin Hood: Prince of Thieves,1991,Kevin Reynolds,USA,non-animation
904,Jerry Maguire,1996,Cameron Crowe,USA,non-animation
905,Ted,2012,Seth MacFarlane,USA,non-animation
906,As Good as It Gets,1997,James L. Brooks,USA,non-animation
907,Patch Adams,1998,Tom Shadyac,USA,non-animation
908,Anchorman 2: The Legend Continues,2013,Adam McKay,USA,non-animation
909,Mr. Deeds,2002,Steven Brill,USA,non-animation
910,Super 8,2011,J.J. Abrams,USA,non-animation
911,Erin Brockovich,2000,Steven Soderbergh,USA,non-animation
912,How to Lose a Guy in 10 Days,2003,Donald Petrie,USA,non-animation
913,22 Jump Street,2014,Phil Lord,USA,non-animation
914,Interview with the Vampire: The Vampire Chronicles,1994,Neil Jordan,USA,non-animation
915,Yes Man,2008,Peyton Reed,USA,non-animation
916,Central Intelligence,2016,Rawson Marshall Thurber,USA,non-animation
917,Stepmom,1998,Chris Columbus,USA,non-animation
918,Daddy's Home,2015,Sean Anders,USA,non-animation
919,Into the Woods,2014,Rob Marshall,USA,non-animation
920,Inside Man,2006,Spike Lee,USA,non-animation
921,Payback,1999,Brian Helgeland,USA,non-animation
922,Congo,1995,Frank Marshall,USA,non-animation
923,We Bought a Zoo,2011,Cameron Crowe,USA,non-animation
924,Knowing,2009,Alex Proyas,USA,non-animation
925,Failure to Launch,2006,Tom Dey,USA,non-animation
926,The Ring Two,2005,Hideo Nakata,USA,non-animation
927,"Crazy, Stupid, Love.",2011,Glenn Ficarra,USA,non-animation
928,Garfield,2004,Peter Hewitt,USA,animation
929,Christmas with the Kranks,2004,Joe Roth,USA,non-animation
930,Moneyball,2011,Bennett Miller,USA,non-animation
931,Outbreak,1995,Wolfgang Petersen,USA,non-animation
932,Non-Stop,2014,Jaume Collet-Serra,UK,non-animation
933,Race to Witch Mountain,2009,Andy Fickman,USA,non-animation
934,V for Vendetta,2005,James McTeigue,USA,non-animation
935,Shanghai Knights,2003,David Dobkin,USA,non-animation
936,Curious George,2006,Matthew O'Callaghan,USA,animation
937,Herbie Fully Loaded,2005,Angela Robinson,USA,non-animation
938,Don't Say a Word,2001,Gary Fleder,USA,non-animation
939,Hansel & Gretel: Witch Hunters,2013,Tommy Wirkola,Germany,non-animation
940,Unfaithful,2002,Adrian Lyne,USA,non-animation
941,I Am Number Four,2011,D.J. Caruso,USA,non-animation
942,Syriana,2005,Stephen Gaghan,USA,non-animation
943,13 Hours,2016,Michael Bay,USA,non-animation
944,The Book of Life,2014,Jorge R. Gutiérrez,USA,animation
945,Firewall,2006,Richard Loncraine,USA,non-animation
946,Absolute Power,1997,Clint Eastwood,USA,non-animation
947,G.I. Jane,1997,Ridley Scott,USA,non-animation
948,The Game,1997,David Fincher,USA,non-animation
949,Silent Hill,2006,Christophe Gans,Canada,non-animation
950,The Replacements,2000,Howard Deutch,USA,non-animation
951,American Reunion,2012,Jon Hurwitz,USA,non-animation
952,The Negotiator,1998,F. Gary Gray,Germany,non-animation
953,Into the Storm,2014,Steven Quale,USA,non-animation
954,Beverly Hills Cop III,1994,John Landis,USA,non-animation
955,Gremlins 2: The New Batch,1990,Joe Dante,USA,non-animation
956,The Judge,2014,David Dobkin,USA,non-animation
957,The Peacemaker,1997,Mimi Leder,USA,non-animation
958,Resident Evil: Apocalypse,2004,Alexander Witt,Germany,non-animation
959,Bridget Jones: The Edge of Reason,2004,Beeban Kidron,UK,non-animation
960,Out of Time,2003,Carl Franklin,USA,non-animation
961,On Deadly Ground,1994,Steven Seagal,USA,non-animation
962,The Adventures of Sharkboy and Lavagirl 3-D,2005,Robert Rodriguez,USA,non-animation
963,The Beach,2000,Danny Boyle,USA,non-animation
964,Raising Helen,2004,Garry Marshall,USA,non-animation
965,Ninja Assassin,2009,James McTeigue,USA,non-animation
966,For Love of the Game,1999,Sam Raimi,USA,non-animation
967,Striptease,1996,Andrew Bergman,USA,non-animation
968,Marmaduke,2010,Tom Dey,USA,non-animation
969,Hereafter,2010,Clint Eastwood,USA,non-animation
970,Murder by Numbers,2002,Barbet Schroeder,USA,non-animation
971,Assassins,1995,Richard Donner,France,non-animation
972,Hannibal Rising,2007,Peter Webber,UK,non-animation
973,The Story of Us,1999,Rob Reiner,USA,non-animation
974,The Host,2013,Andrew Niccol,USA,non-animation
975,Basic,2003,John McTiernan,Germany,non-animation
976,Blood Work,2002,Clint Eastwood,USA,non-animation
977,The International,2009,Tom Tykwer,USA,non-animation
978,Escape from L.A.,1996,John Carpenter,USA,non-animation
979,The Iron Giant,1999,Brad Bird,USA,animation
980,The Life Aquatic with Steve Zissou,2004,Wes Anderson,USA,non-animation
981,Free State of Jones,2016,Gary Ross,USA,non-animation
982,The Life of David Gale,2003,Alan Parker,USA,non-animation
983,Man of the House,2005,Stephen Herek,USA,non-animation
984,Run All Night,2015,Jaume Collet-Serra,USA,non-animation
985,Eastern Promises,2007,David Cronenberg,USA,non-animation
986,Into the Blue,2005,John Stockwell,USA,non-animation
987,The Messenger: The Story of Joan of Arc,1999,Luc Besson,France,non-animation
988,Your Highness,2011,David Gordon Green,USA,non-animation
989,Dream House,2011,Jim Sheridan,USA,non-animation
990,Mad City,1997,Costa-Gavras,USA,non-animation
991,Baby's Day Out,1994,Patrick Read Johnson,USA,non-animation
992,The Scarlet Letter,1995,Roland Joffé,USA,non-animation
993,Fair Game,2010,Doug Liman,USA,non-animation
994,Domino,2005,Tony Scott,France,non-animation
995,Jade,1995,William Friedkin,USA,non-animation
996,Gamer,2009,Mark Neveldine,USA,non-animation
997,Beautiful Creatures,2013,Richard LaGravenese,USA,non-animation
998,Death to Smoochy,2002,Danny DeVito,UK,non-animation
999,Zoolander 2,2016,Ben Stiller,USA,non-animation
1000,The Big Bounce,2004,George Armitage,USA,non-animation
1001,What Planet Are You From?,2000,Mike Nichols,USA,non-animation
1002,Drive Angry,2011,Patrick Lussier,USA,non-animation
1003,Street Fighter: The Legend of Chun-Li,2009,Andrzej Bartkowiak,Canada,non-animation
1004,The One,2001,James Wong,USA,non-animation
1005,The Adventures of Ford Fairlane,1990,Renny Harlin,USA,non-animation
1006,Pirate Radio,2009,Richard Curtis,UK,non-animation
1007,Traffic,2000,Steven Soderbergh,USA,non-animation
1008,Indiana Jones and the Last Crusade,1989,Steven Spielberg,USA,non-animation
1009,Anna Karenina,2012,Joe Wright,UK,non-animation
1010,Chappie,2015,Neill Blomkamp,USA,non-animation
1011,The Bone Collector,1999,Phillip Noyce,USA,non-animation
1012,Panic Room,2002,David Fincher,USA,non-animation
1013,The Tooth Fairy,2006,Chuck Bowman,USA,non-animation
1014,Three Kings,1999,David O. Russell,USA,non-animation
1015,Child 44,2015,Daniel Espinosa,Czech Republic,non-animation
1016,Rat Race,2001,Jerry Zucker,Canada,non-animation
1017,K-PAX,2001,Iain Softley,USA,non-animation
1018,Kate & Leopold,2001,James Mangold,USA,non-animation
1019,Bedazzled,2000,Harold Ramis,USA,non-animation
1020,The Cotton Club,1984,Francis Ford Coppola,USA,non-animation
1021,3:10 to Yuma,2007,James Mangold,USA,non-animation
1022,Taken 3,2014,Olivier Megaton,France,non-animation
1023,Out of Sight,1998,Steven Soderbergh,USA,non-animation
1024,The Cable Guy,1996,Ben Stiller,USA,non-animation
1025,Earth,1998,Deepa Mehta,India,non-animation
1026,Dick Tracy,1990,Warren Beatty,USA,non-animation
1027,The Thomas Crown Affair,1999,John McTiernan,USA,non-animation
1028,Riding in Cars with Boys,2001,Penny Marshall,USA,non-animation
1029,First Blood,1982,Ted Kotcheff,USA,non-animation
1030,Solaris,1972,Andrei Tarkovsky,Soviet Union,non-animation
1031,Happily N'Ever After,2006,Paul Bolger,USA,animation
1032,Mary Reilly,1996,Stephen Frears,USA,non-animation
1033,My Best Friend's Wedding,1997,P.J. Hogan,USA,non-animation
1034,America's Sweethearts,2001,Joe Roth,USA,non-animation
1035,Insomnia,2002,Christopher Nolan,USA,non-animation
1036,Star Trek: First Contact,1996,Jonathan Frakes,USA,non-animation
1037,Jonah Hex,2010,Jimmy Hayward,USA,non-animation
1038,Courage Under Fire,1996,Edward Zwick,USA,non-animation
1039,Liar Liar,1997,Tom Shadyac,USA,non-animation
1040,The Infiltrator,2016,Brad Furman,UK,non-animation
1041,Inchon,1981,Terence Young,South Korea,non-animation
1042,The Flintstones,1994,Brian Levant,USA,non-animation
1043,Taken 2,2012,Olivier Megaton,France,non-animation
1044,Scary Movie 3,2003,David Zucker,USA,non-animation
1045,Miss Congeniality,2000,Donald Petrie,USA,non-animation
1046,Journey to the Center of the Earth,2008,Eric Brevig,USA,non-animation
1047,The Princess Diaries 2: Royal Engagement,2004,Garry Marshall,USA,non-animation
1048,The Pelican Brief,1993,Alan J. Pakula,USA,non-animation
1049,The Client,1994,Joel Schumacher,USA,non-animation
1050,The Bucket List,2007,Rob Reiner,USA,non-animation
1051,Patriot Games,1992,Phillip Noyce,USA,non-animation
1052,Monster-in-Law,2005,Robert Luketic,Germany,non-animation
1053,Prisoners,2013,Denis Villeneuve,USA,non-animation
1054,Training Day,2001,Antoine Fuqua,USA,non-animation
1055,Galaxy Quest,1999,Dean Parisot,USA,non-animation
1056,Scary Movie 2,2001,Keenen Ivory Wayans,USA,non-animation
1057,The Muppets,2011,James Bobin,USA,non-animation
1058,Blade,1998,Stephen Norrington,USA,non-animation
1059,Coach Carter,2005,Thomas Carter,USA,non-animation
1060,Changing Lanes,2002,Roger Michell,USA,non-animation
1061,Anaconda,1997,Luis Llosa,USA,non-animation
1062,Coyote Ugly,2000,David McNally,USA,non-animation
1063,Love Actually,2003,Richard Curtis,UK,non-animation
1064,A Bug's Life,1998,John Lasseter,USA,animation
1065,From Hell,2001,Albert Hughes,USA,non-animation
1066,The Specialist,1994,Luis Llosa,Peru,non-animation
1067,Tin Cup,1996,Ron Shelton,USA,non-animation
1068,"Yours, Mine and Ours",1968,Melville Shavelson,USA,non-animation
1069,Kicking & Screaming,2005,Jesse Dylan,USA,non-animation
1070,The Hitchhiker's Guide to the Galaxy,2005,Garth Jennings,USA,non-animation
1071,Fat Albert,2004,Joel Zwick,USA,non-animation
1072,Resident Evil: Extinction,2007,Russell Mulcahy,France,non-animation
1073,Blended,2014,Frank Coraci,USA,non-animation
1074,Last Holiday,2006,Wayne Wang,USA,non-animation
1075,The River Wild,1994,Curtis Hanson,USA,non-animation
1076,The Indian in the Cupboard,1995,Frank Oz,USA,non-animation
1077,Savages,2012,Oliver Stone,USA,non-animation
1078,Cellular,2004,David R. Ellis,USA,non-animation
1079,Johnny English,2003,Peter Howitt,UK,non-animation
1080,The Ant Bully,2006,John A. Davis,USA,animation
1081,Dune,1984,David Lynch,USA,non-animation
1082,Across the Universe,2007,Julie Taymor,USA,non-animation
1083,Revolutionary Road,2008,Sam Mendes,USA,non-animation
1084,16 Blocks,2006,Richard Donner,Germany,non-animation
1085,Babylon A.D.,2008,Mathieu Kassovitz,France,non-animation
1086,The Glimmer Man,1996,John Gray,USA,non-animation
1087,Multiplicity,1996,Harold Ramis,USA,non-animation
1088,Aliens in the Attic,2009,John Schultz,USA,non-animation
1089,The Pledge,2001,Sean Penn,USA,non-animation
1090,The Producers,2005,Susan Stroman,USA,non-animation
1091,The Phantom,1996,Simon Wincer,Australia,non-animation
1092,All the Pretty Horses,2000,Billy Bob Thornton,USA,non-animation
1093,Nixon,1995,Oliver Stone,USA,non-animation
1094,The Ghost Writer,2010,Roman Polanski,France,non-animation
1095,Deep Rising,1998,Stephen Sommers,USA,non-animation
1096,Miracle at St. Anna,2008,Spike Lee,USA,non-animation
1097,Curse of the Golden Flower,2006,Yimou Zhang,China,non-animation
1098,Bangkok Dangerous,2008,Danny Pang,USA,non-animation
1099,Big Trouble,2002,Barry Sonnenfeld,USA,non-animation
1100,Love in the Time of Cholera,2007,Mike Newell,USA,non-animation
1101,Shadow Conspiracy,1997,George P. Cosmatos,USA,non-animation
1102,Johnny English Reborn,2011,Oliver Parker,USA,non-animation
1103,Foodfight!,2012,Lawrence Kasanoff,USA,animation
1104,Argo,2012,Ben Affleck,USA,non-animation
1105,The Fugitive,1993,Andrew Davis,USA,non-animation
1106,The Bounty Hunter,2010,Andy Tennant,USA,non-animation
1107,Sleepers,1996,Barry Levinson,USA,non-animation
1108,Rambo: First Blood Part II,1985,George P. Cosmatos,USA,non-animation
1109,The Juror,1996,Brian Gibson,USA,non-animation
1110,Pinocchio,1940,Norman Ferguson,USA,animation
1111,Heaven's Gate,1980,Michael Cimino,USA,non-animation
1112,Underworld: Evolution,2006,Len Wiseman,USA,non-animation
1113,Victor Frankenstein,2015,Paul McGuigan,USA,non-animation
1114,Finding Forrester,2000,Gus Van Sant,USA,non-animation
1115,28 Days,2000,Betty Thomas,USA,non-animation
1116,Unleashed,2005,Louis Leterrier,France,non-animation
1117,The Sweetest Thing,2002,Roger Kumble,USA,non-animation
1118,The Firm,1993,Sydney Pollack,USA,non-animation
1119,Charlie St. Cloud,2010,Burr Steers,USA,non-animation
1120,The Mechanic,2011,Simon West,USA,non-animation
1121,21 Jump Street,2012,Phil Lord,USA,non-animation
1122,Notting Hill,1999,Roger Michell,UK,non-animation
1123,Chicken Run,2000,Peter Lord,UK,animation
1124,Along Came Polly,2004,John Hamburg,USA,non-animation
1125,Boomerang,1992,Reginald Hudlin,USA,non-animation
1126,The Heat,2013,Paul Feig,USA,non-animation
1127,Cleopatra,1963,Joseph L. Mankiewicz,UK,non-animation
1128,Here Comes the Boom,2012,Frank Coraci,USA,non-animation
1129,High Crimes,2002,Carl Franklin,USA,non-animation
1130,The Mirror Has Two Faces,1996,Barbra Streisand,USA,non-animation
1131,The Mothman Prophecies,2002,Mark Pellington,USA,non-animation
1132,Brüno,2009,Larry Charles,USA,non-animation
1133,Licence to Kill,1989,John Glen,UK,non-animation
1134,Red Riding Hood,2011,Catherine Hardwicke,USA,non-animation
1135,15 Minutes,2001,John Herzfeld,USA,non-animation
1136,Super Mario Bros.,1993,Annabel Jankel,UK,non-animation
1137,Lord of War,2005,Andrew Niccol,USA,non-animation
1138,Hero,2002,Yimou Zhang,China,non-animation
1139,One for the Money,2012,Julie Anne Robinson,USA,non-animation
1140,The Interview,2014,Evan Goldberg,USA,non-animation
1141,The Warrior's Way,2010,Sngmoo Lee,New Zealand,non-animation
1142,Micmacs,2009,Jean-Pierre Jeunet,France,non-animation
1143,8 Mile,2002,Curtis Hanson,USA,non-animation
1144,Animal Kingdom: Let's go Ape,2015,Jamel Debbouze,France,animation
1145,A Knight's Tale,2001,Brian Helgeland,USA,non-animation
1146,The Medallion,2003,Gordon Chan,Hong Kong,non-animation
1147,The Sixth Sense,1999,M. Night Shyamalan,USA,non-animation
1148,Man on a Ledge,2012,Asger Leth,USA,non-animation
1149,The Big Year,2011,David Frankel,USA,non-animation
1150,The Karate Kid,1984,John G. Avildsen,USA,non-animation
1151,American Hustle,2013,David O. Russell,USA,non-animation
1152,The Proposal,2009,Anne Fletcher,USA,non-animation
1153,Double Jeopardy,1999,Bruce Beresford,USA,non-animation
1154,Back to the Future Part II,1989,Robert Zemeckis,USA,non-animation
1155,Lucy,2014,Luc Besson,France,non-animation
1156,Fifty Shades of Grey,2015,Sam Taylor-Johnson,USA,non-animation
1157,Spy Kids 3-D: Game Over,2003,Robert Rodriguez,USA,non-animation
1158,A Time to Kill,1996,Joel Schumacher,USA,non-animation
1159,Cheaper by the Dozen,2003,Shawn Levy,USA,non-animation
1160,Lone Survivor,2013,Peter Berg,USA,non-animation
1161,A League of Their Own,1992,Penny Marshall,USA,non-animation
1162,The Conjuring 2,2016,James Wan,USA,non-animation
1163,The Social Network,2010,David Fincher,USA,non-animation
1164,He's Just Not That Into You,2009,Ken Kwapis,USA,non-animation
1165,Scary Movie 4,2006,David Zucker,USA,non-animation
1166,Scream 3,2000,Wes Craven,USA,non-animation
1167,Back to the Future Part III,1990,Robert Zemeckis,USA,non-animation
1168,Get Hard,2015,Etan Cohen,USA,non-animation
1169,Bram Stoker's Dracula,1992,Francis Ford Coppola,USA,non-animation
1170,Julie & Julia,2009,Nora Ephron,USA,non-animation
1171,42,2013,Brian Helgeland,USA,non-animation
1172,The Talented Mr. Ripley,1999,Anthony Minghella,USA,non-animation
1173,Dumb and Dumber To,2014,Bobby Farrelly,USA,non-animation
1174,Eight Below,2006,Frank Marshall,USA,non-animation
1175,The Intern,2015,Nancy Meyers,USA,non-animation
1176,Ride Along 2,2016,Tim Story,USA,non-animation
1177,The Last of the Mohicans,1992,Michael Mann,USA,non-animation
1178,Ray,2004,Taylor Hackford,USA,non-animation
1179,Sin City,2005,Frank Miller,USA,non-animation
1180,Vantage Point,2008,Pete Travis,USA,non-animation
1181,"I Love You, Man",2009,John Hamburg,USA,non-animation
1182,Shallow Hal,2001,Bobby Farrelly,USA,non-animation
1183,JFK,1991,Oliver Stone,France,non-animation
1184,Big Momma's House 2,2006,John Whitesell,USA,non-animation
1185,The Mexican,2001,Gore Verbinski,USA,non-animation
1186,17 Again,2009,Burr Steers,USA,non-animation
1187,The Other Woman,2014,Nick Cassavetes,USA,non-animation
1188,The Final Destination,2009,David R. Ellis,USA,non-animation
1189,Bridge of Spies,2015,Steven Spielberg,USA,non-animation
1190,Behind Enemy Lines,2001,John Moore,USA,non-animation
1191,Get Him to the Greek,2010,Nicholas Stoller,USA,non-animation
1192,Shall We Dance,2004,Peter Chelsom,USA,non-animation
1193,Small Soldiers,1998,Joe Dante,USA,non-animation
1194,Spawn,1997,Mark A.Z. Dippé,USA,non-animation
1195,The Count of Monte Cristo,2002,Kevin Reynolds,UK,non-animation
1196,The Lincoln Lawyer,2011,Brad Furman,USA,non-animation
1197,Unknown,2011,Jaume Collet-Serra,UK,non-animation
1198,The Prestige,2006,Christopher Nolan,USA,non-animation
1199,Horrible Bosses 2,2014,Sean Anders,USA,non-animation
1200,Escape from Planet Earth,2013,Cal Brunker,USA,animation
1201,Apocalypto,2006,Mel Gibson,USA,non-animation
1202,The Living Daylights,1987,John Glen,UK,non-animation
1203,Predators,2010,Nimród Antal,USA,non-animation
1204,Legal Eagles,1986,Ivan Reitman,USA,non-animation
1205,Secret Window,2004,David Koepp,USA,non-animation
1206,The Lake House,2006,Alejandro Agresti,USA,non-animation
1207,The Skeleton Key,2005,Iain Softley,USA,non-animation
1208,The Odd Life of Timothy Green,2012,Peter Hedges,USA,non-animation
1209,Made of Honor,2008,Paul Weiland,USA,non-animation
1210,Jersey Boys,2014,Clint Eastwood,USA,non-animation
1211,The Rainmaker,1997,Francis Ford Coppola,USA,non-animation
1212,Gothika,2003,Mathieu Kassovitz,USA,non-animation
1213,Amistad,1997,Steven Spielberg,USA,non-animation
1214,Medicine Man,1992,John McTiernan,USA,non-animation
1215,Aliens vs. Predator: Requiem,2007,Colin Strause,USA,non-animation
1216,Ri¢hie Ri¢h,1994,Donald Petrie,USA,non-animation
1217,Autumn in New York,2000,Joan Chen,USA,non-animation
1218,Music and Lyrics,2007,Marc Lawrence,USA,non-animation
1219,Paul,2011,Greg Mottola,USA,non-animation
1220,The Guilt Trip,2012,Anne Fletcher,USA,non-animation
1221,Scream 4,2011,Wes Craven,USA,non-animation
1222,8MM,1999,Joel Schumacher,Germany,non-animation
1223,The Doors,1991,Oliver Stone,USA,non-animation
1224,Sex Tape,2014,Jake Kasdan,USA,non-animation
1225,Hanging Up,2000,Diane Keaton,Germany,non-animation
1226,Final Destination 5,2011,Steven Quale,USA,non-animation
1227,Mickey Blue Eyes,1999,Kelly Makin,UK,non-animation
1228,Pay It Forward,2000,Mimi Leder,USA,non-animation
1229,Fever Pitch,2005,Bobby Farrelly,USA,non-animation
1230,Drillbit Taylor,2008,Steven Brill,USA,non-animation
1231,A Million Ways to Die in the West,2014,Seth MacFarlane,USA,non-animation
1232,The Shadow,1994,Russell Mulcahy,USA,non-animation
1233,Extremely Loud & Incredibly Close,2011,Stephen Daldry,USA,non-animation
1234,Morning Glory,2010,Roger Michell,USA,non-animation
1235,Get Rich or Die Tryin',2005,Jim Sheridan,USA,non-animation
1236,The Art of War,2000,Christian Duguay,USA,non-animation
1237,Rent,2005,Chris Columbus,USA,non-animation
1238,Bless the Child,2000,Chuck Russell,USA,non-animation
1239,The Out-of-Towners,1999,Sam Weisman,USA,non-animation
1240,The Island of Dr. Moreau,1996,John Frankenheimer,USA,non-animation
1241,The Musketeer,2001,Peter Hyams,Germany,non-animation
1242,The Other Boleyn Girl,2008,Justin Chadwick,UK,non-animation
1243,Sweet November,2001,Pat O'Connor,USA,non-animation
1244,The Reaping,2007,Stephen Hopkins,USA,non-animation
1245,Mean Streets,1973,Martin Scorsese,USA,non-animation
1246,Renaissance Man,1994,Penny Marshall,USA,non-animation
1247,Colombiana,2011,Olivier Megaton,France,non-animation
1248,The Magic Sword: Quest for Camelot,1998,Frederik Du Chau,USA,animation
1249,City by the Sea,2002,Michael Caton-Jones,USA,non-animation
1250,At First Sight,1999,Irwin Winkler,USA,non-animation
1251,Torque,2004,Joseph Kahn,USA,non-animation
1252,City Hall,1996,Harold Becker,USA,non-animation
1253,Showgirls,1995,Paul Verhoeven,France,non-animation
1254,Marie Antoinette,2006,Sofia Coppola,USA,non-animation
1255,Kiss of Death,1995,Barbet Schroeder,USA,non-animation
1256,Get Carter,2000,Stephen Kay,USA,non-animation
1257,The Impossible,2012,J.A. Bayona,Spain,non-animation
1258,Ishtar,1987,Elaine May,USA,non-animation
1259,Fantastic Mr. Fox,2009,Wes Anderson,USA,animation
1260,Life or Something Like It,2002,Stephen Herek,USA,non-animation
1261,Memoirs of an Invisible Man,1992,John Carpenter,USA,non-animation
1262,Amélie,2001,Jean-Pierre Jeunet,France,non-animation
1263,New York Minute,2004,Dennie Gordon,USA,non-animation
1264,Alfie,2004,Charles Shyer,UK,non-animation
1265,Big Miracle,2012,Ken Kwapis,USA,non-animation
1266,The Deep End of the Ocean,1999,Ulu Grosbard,USA,non-animation
1267,Feardotcom,2002,William Malone,UK,non-animation
1268,Cirque du Freak: The Vampire's Assistant,2009,Paul Weitz,USA,non-animation
1269,Duplex,2003,Danny DeVito,USA,non-animation
1270,Soul Men,2008,Malcolm D. Lee,USA,non-animation
1271,Raise the Titanic,1980,Jerry Jameson,UK,non-animation
1272,Universal Soldier: The Return,1999,Mic Rodgers,USA,non-animation
1273,Pandorum,2009,Christian Alvart,Germany,non-animation
1274,Impostor,2001,Gary Fleder,USA,non-animation
1275,Extreme Ops,2002,Christian Duguay,UK,non-animation
1276,Just Visiting,2001,Jean-Marie Poiré,France,non-animation
1277,Sunshine,2007,Danny Boyle,UK,non-animation
1278,A Thousand Words,2012,Brian Robbins,USA,non-animation
1279,Delgo,2008,Marc F. Adler,USA,animation
1280,The Gunman,2015,Pierre Morel,USA,non-animation
1281,Alex Rider: Operation Stormbreaker,2006,Geoffrey Sax,Germany,non-animation
1282,Disturbia,2007,D.J. Caruso,USA,non-animation
1283,Hackers,1995,Iain Softley,USA,non-animation
1284,The Hunting Party,2007,Richard Shepard,USA,non-animation
1285,The Hudsucker Proxy,1994,Joel Coen,UK,non-animation
1286,The Warlords,2007,Peter Ho-Sun Chan,Hong Kong,non-animation
1287,Nomad: The Warrior,2005,Sergey Bodrov,France,non-animation
1288,Snowpiercer,2013,Joon-ho Bong,South Korea,non-animation
1289,A Monster in Paris,2011,Bibo Bergeron,France,animation
1290,The Last Shot,2004,Jeff Nathanson,USA,non-animation
1291,The Crow,1994,Alex Proyas,USA,non-animation
1292,Baahubali: The Beginning,2015,S.S. Rajamouli,India,non-animation
1293,The Time Traveler's Wife,2009,Robert Schwentke,USA,non-animation
1294,Because I Said So,2007,Michael Lehmann,USA,non-animation
1295,Frankenweenie,2012,Tim Burton,USA,animation
1296,Serenity,2005,Joss Whedon,USA,non-animation
1297,Against the Ropes,2004,Charles S. Dutton,USA,non-animation
1298,Superman III,1983,Richard Lester,UK,non-animation
1299,Grudge Match,2013,Peter Segal,USA,non-animation
1300,Red Cliff,2008,John Woo,China,non-animation
1301,Sweet Home Alabama,2002,Andy Tennant,USA,non-animation
1302,The Ugly Truth,2009,Robert Luketic,USA,non-animation
1303,Sgt. Bilko,1996,Jonathan Lynn,USA,non-animation
1304,Spy Kids 2: Island of Lost Dreams,2002,Robert Rodriguez,USA,non-animation
1305,Star Trek: Generations,1994,David Carson,USA,non-animation
1306,The Grandmaster,2013,Kar-Wai Wong,Hong Kong,non-animation
1307,Water for Elephants,2011,Francis Lawrence,USA,non-animation
1308,Dragon Nest: Warriors' Dawn,2014,Yuefeng Song,China,animation
1309,The Hurricane,1999,Norman Jewison,USA,non-animation
1310,Enough,2002,Michael Apted,USA,non-animation
1311,Heartbreakers,2001,David Mirkin,USA,non-animation
1312,Paul Blart: Mall Cop 2,2015,Andy Fickman,USA,non-animation
1313,Angel Eyes,2001,Luis Mandoki,USA,non-animation
1314,Joe Somebody,2001,John Pasquin,USA,non-animation
1315,The Ninth Gate,1999,Roman Polanski,Spain,non-animation
1316,Extreme Measures,1996,Michael Apted,USA,non-animation
1317,Rock Star,2001,Stephen Herek,USA,non-animation
1318,Precious,2009,Lee Daniels,USA,non-animation
1319,White Squall,1996,Ridley Scott,USA,non-animation
1320,The Thing,1982,John Carpenter,USA,non-animation
1321,Riddick,2013,David Twohy,USA,non-animation
1322,Switchback,1997,Jeb Stuart,USA,non-animation
1323,Texas Rangers,2001,Steve Miner,USA,non-animation
1324,City of Ember,2008,Gil Kenan,USA,non-animation
1325,The Master,2012,Paul Thomas Anderson,USA,non-animation
1326,Virgin Territory,2007,David Leland,Italy,non-animation
1327,The Express,2008,Gary Fleder,USA,non-animation
1328,The 5th Wave,2016,J Blakeson,USA,non-animation
1329,Creed,2015,Ryan Coogler,USA,non-animation
1330,The Town,2010,Ben Affleck,USA,non-animation
1331,What to Expect When You're Expecting,2012,Kirk Jones,USA,non-animation
1332,Burn After Reading,2008,Ethan Coen,USA,non-animation
1333,Nim's Island,2008,Jennifer Flackett,USA,non-animation
1334,Rush,2013,Ron Howard,UK,non-animation
1335,Magnolia,1999,Paul Thomas Anderson,USA,non-animation
1336,Cop Out,2010,Kevin Smith,USA,non-animation
1337,How to Be Single,2016,Christian Ditter,USA,non-animation
1338,Dolphin Tale,2011,Charles Martin Smith,USA,non-animation
1339,Twilight,2008,Catherine Hardwicke,USA,non-animation
1340,John Q,2002,Nick Cassavetes,USA,non-animation
1341,Blue Streak,1999,Les Mayfield,USA,non-animation
1342,We're the Millers,2013,Rawson Marshall Thurber,USA,non-animation
1343,Obitaemyy ostrov,2009,Fedor Bondarchuk,Russia,non-animation
1344,Breakdown,1997,Jonathan Mostow,USA,non-animation
1345,Never Say Never Again,1983,Irvin Kershner,UK,non-animation
1346,Hot Tub Time Machine,2010,Steve Pink,USA,non-animation
1347,Dolphin Tale 2,2014,Charles Martin Smith,USA,non-animation
1348,Reindeer Games,2000,John Frankenheimer,USA,non-animation
1349,A Man Apart,2003,F. Gary Gray,USA,non-animation
1350,Aloha,2015,Cameron Crowe,USA,non-animation
1351,Ghosts of Mississippi,1996,Rob Reiner,USA,non-animation
1352,Snow Falling on Cedars,1999,Scott Hicks,USA,non-animation
1353,The Rite,2011,Mikael Håfström,USA,non-animation
1354,Gattaca,1997,Andrew Niccol,USA,non-animation
1355,Isn't She Great,2000,Andrew Bergman,USA,non-animation
1356,Space Chimps,2008,Kirk De Micco,USA,animation
1357,Head of State,2003,Chris Rock,USA,non-animation
1358,The Hangover,2009,Todd Phillips,USA,non-animation
1359,Ip Man 3,2015,Wilson Yip,Hong Kong,non-animation
1360,Austin Powers: The Spy Who Shagged Me,1999,Jay Roach,USA,non-animation
1361,Batman,1989,Tim Burton,USA,non-animation
1362,There Be Dragons,2011,Roland Joffé,Spain,non-animation
1363,Lethal Weapon 3,1992,Richard Donner,USA,non-animation
1364,The Blind Side,2009,John Lee Hancock,USA,non-animation
1365,Spy Kids,2001,Robert Rodriguez,USA,non-animation
1366,Horrible Bosses,2011,Seth Gordon,USA,non-animation
1367,True Grit,2010,Ethan Coen,USA,non-animation
1368,The Devil Wears Prada,2006,David Frankel,USA,non-animation
1369,Star Trek: The Motion Picture,1979,Robert Wise,USA,non-animation
1370,Identity Thief,2013,Seth Gordon,USA,non-animation
1371,Cape Fear,1991,Martin Scorsese,USA,non-animation
1372,21,2008,Robert Luketic,USA,non-animation
1373,Trainwreck,2015,Judd Apatow,Japan,non-animation
1374,Guess Who,2005,Kevin Rodney Sullivan,USA,non-animation
1375,The English Patient,1996,Anthony Minghella,USA,non-animation
1376,L.A. Confidential,1997,Curtis Hanson,USA,non-animation
1377,Sky High,2005,Mike Mitchell,USA,non-animation
1378,In & Out,1997,Frank Oz,USA,non-animation
1379,Species,1995,Roger Donaldson,USA,non-animation
1380,A Nightmare on Elm Street,1984,Wes Craven,USA,non-animation
1381,The Cell,2000,Tarsem Singh,USA,non-animation
1382,The Man in the Iron Mask,1998,Randall Wallace,USA,non-animation
1383,Secretariat,2010,Randall Wallace,USA,non-animation
1384,TMNT,2007,Kevin Munroe,Hong Kong,animation
1385,Radio,2003,Michael Tollin,USA,non-animation
1386,Friends with Benefits,2011,Will Gluck,USA,non-animation
1387,Neighbors 2: Sorority Rising,2016,Nicholas Stoller,USA,non-animation
1388,Saving Mr. Banks,2013,John Lee Hancock,USA,non-animation
1389,Malcolm X,1992,Spike Lee,USA,non-animation
1390,This Is 40,2012,Judd Apatow,USA,non-animation
1391,Old Dogs,2009,Walt Becker,USA,non-animation
1392,Underworld: Rise of the Lycans,2009,Patrick Tatopoulos,USA,non-animation
1393,License to Wed,2007,Ken Kwapis,USA,non-animation
1394,The Benchwarmers,2006,Dennis Dugan,USA,non-animation
1395,Must Love Dogs,2005,Gary David Goldberg,USA,non-animation
1396,Donnie Brasco,1997,Mike Newell,USA,non-animation
1397,Resident Evil,2002,Paul W.S. Anderson,UK,non-animation
1398,Poltergeist,1982,Tobe Hooper,USA,non-animation
1399,The Ladykillers,2004,Ethan Coen,USA,non-animation
1400,Max Payne,2008,John Moore,Canada,non-animation
1401,In Time,2011,Andrew Niccol,USA,non-animation
1402,The Back-up Plan,2010,Alan Poul,USA,non-animation
1403,Something Borrowed,2011,Luke Greenfield,USA,non-animation
1404,Black Knight,2001,Gil Junger,USA,non-animation
1405,The Bad News Bears,1976,Michael Ritchie,USA,non-animation
1406,Street Fighter,1994,Steven E. de Souza,Japan,non-animation
1407,The Pianist,2002,Roman Polanski,France,non-animation
1408,The Nativity Story,2006,Catherine Hardwicke,USA,non-animation
1409,House of Wax,2005,Jaume Collet-Serra,Australia,non-animation
1410,Closer,2004,Mike Nichols,USA,non-animation
1411,J. Edgar,2011,Clint Eastwood,USA,non-animation
1412,Mirrors,2008,Alexandre Aja,USA,non-animation
1413,Queen of the Damned,2002,Michael Rymer,USA,non-animation
1414,Predator 2,1990,Stephen Hopkins,USA,non-animation
1415,Untraceable,2008,Gregory Hoblit,USA,non-animation
1416,Blast from the Past,1999,Hugh Wilson,USA,non-animation
1417,Flash Gordon,1980,Mike Hodges,UK,non-animation
1418,Jersey Girl,2004,Kevin Smith,USA,non-animation
1419,Alex Cross,2012,Rob Cohen,USA,non-animation
1420,Midnight in the Garden of Good and Evil,1997,Clint Eastwood,USA,non-animation
1421,Heist,2015,Scott Mann,USA,non-animation
1422,Nanny McPhee Returns,2010,Susanna White,UK,non-animation
1423,Hoffa,1992,Danny DeVito,USA,non-animation
1424,The X Files: I Want to Believe,2008,Chris Carter,USA,non-animation
1425,Ella Enchanted,2004,Tommy O'Haver,USA,non-animation
1426,Concussion,2015,Peter Landesman,UK,non-animation
1427,Abduction,2011,John Singleton,USA,non-animation
1428,Valiant,2005,Gary Chapman,UK,animation
1429,Wonder Boys,2000,Curtis Hanson,USA,non-animation
1430,Superhero Movie,2008,Craig Mazin,USA,non-animation
1431,Broken City,2013,Allen Hughes,USA,non-animation
1432,Cursed,2005,Wes Craven,USA,non-animation
1433,Premium Rush,2012,David Koepp,USA,non-animation
1434,Hot Pursuit,2015,Anne Fletcher,USA,non-animation
1435,The Four Feathers,2002,Shekhar Kapur,UK,non-animation
1436,Parker,2013,Taylor Hackford,USA,non-animation
1437,Wimbledon,2004,Richard Loncraine,UK,non-animation
1438,Furry Vengeance,2010,Roger Kumble,USA,non-animation
1439,Bait,2012,Kimble Rendall,Australia,non-animation
1440,Krull,1983,Peter Yates,UK,non-animation
1441,Lions for Lambs,2007,Robert Redford,USA,non-animation
1442,Flight of the Intruder,1991,John Milius,USA,non-animation
1443,Walk Hard: The Dewey Cox Story,2007,Jake Kasdan,USA,non-animation
1444,The Shipping News,2001,Lasse Hallström,USA,non-animation
1445,American Outlaws,2001,Les Mayfield,USA,non-animation
1446,The Young Victoria,2009,Jean-Marc Vallée,UK,non-animation
1447,Whiteout,2009,Dominic Sena,USA,non-animation
1448,The Tree of Life,2011,Terrence Malick,USA,non-animation
1449,Knock Off,1998,Hark Tsui,Aruba,non-animation
1450,Sabotage,2014,David Ayer,USA,non-animation
1451,The Order,2003,Brian Helgeland,USA,non-animation
1452,Punisher: War Zone,2008,Lexi Alexander,USA,non-animation
1453,Zoom,2006,Peter Hewitt,USA,non-animation
1454,The Walk,2015,Robert Zemeckis,USA,non-animation
1455,Warriors of Virtue,1997,Ronny Yu,USA,non-animation
1456,A Good Year,2006,Ridley Scott,USA,non-animation
1457,Radio Flyer,1992,Richard Donner,USA,non-animation
1458,"Blood In, Blood Out",1993,Taylor Hackford,USA,non-animation
1459,Smilla's Sense of Snow,1997,Bille August,Denmark,non-animation
1460,Femme Fatale,2002,Brian De Palma,France,non-animation
1461,Lion of the Desert,1980,Moustapha Akkad,Libya,non-animation
1462,The Horseman on the Roof,1995,Jean-Paul Rappeneau,France,non-animation
1463,Ride with the Devil,1999,Ang Lee,USA,non-animation
1464,Biutiful,2010,Alejandro G. Iñárritu,Mexico,non-animation
1465,Bandidas,2006,Joachim Rønning,France,non-animation
1466,Black Water Transit,2009,Tony Kaye,USA,non-animation
1467,The Maze Runner,2014,Wes Ball,USA,non-animation
1468,Unfinished Business,2015,Ken Scott,USA,non-animation
1469,The Age of Innocence,1993,Martin Scorsese,USA,non-animation
1470,The Fountain,2006,Darren Aronofsky,USA,non-animation
1471,Chill Factor,1999,Hugh Johnson,USA,non-animation
1472,Stolen,2012,Simon West,USA,non-animation
1473,Ponyo,2008,Hayao Miyazaki,Japan,animation
1474,The Longest Ride,2015,George Tillman Jr.,USA,non-animation
1475,The Astronaut's Wife,1999,Rand Ravich,USA,non-animation
1476,I Dreamed of Africa,2000,Hugh Hudson,USA,non-animation
1477,Playing for Keeps,2012,Gabriele Muccino,USA,non-animation
1478,Mandela: Long Walk to Freedom,2013,Justin Chadwick,UK,non-animation
1479,Reds,1981,Warren Beatty,USA,non-animation
1480,A Few Good Men,1992,Rob Reiner,USA,non-animation
1481,Exit Wounds,2001,Andrzej Bartkowiak,USA,non-animation
1482,Big Momma's House,2000,Raja Gosnell,USA,non-animation
1483,Thunder and the House of Magic,2013,Jeremy Degruson,Belgium,animation
1484,The Darkest Hour,2011,Chris Gorak,USA,non-animation
