,common_entity,entity1,entity2,entity3
0,day after day,badfinger,1971,pop/rock
1,elegie,patti smith,1975,pop/rock
2,jimmy james,beastie boys,1992,pop/rock
3,congratulations,reba mcentire,1984,country/folk
4,bad boy (feat. jungle rock jr.),"royce da 5'9""",2009,hip hop/reggae
5,when i'm gone,marty robbins,1979,country/folk
6,in the garden,randy travis,2003,country/folk
7,the invite,pepper,2016,country/folk
8,toadies,minutemen,1984,pop/rock
9,danger heartbreak dead ahead,the marvelettes,1988,blues/jazz
10,baby don't you weep,garnet mimms & the enchanters,1963,blues/jazz
11,fall,clay walker,2007,country/folk
12,the sun is rising,britt nicole,2012,pop/rock
13,that's the way love goes,janet jackson,1993,pop/rock
14,sing her a love song,carl smith,1956,country/folk
15,but not for me,red garland,1957,blues/jazz
16,walk it off,lil wayne,2014,hip hop/reggae
17,engineers,gary numan,1979,pop/rock
18,morning sunrise,weldon irvine,2016,blues/jazz
19,county sheriff,red simpson,1966,country/folk
20,got to get a knutt,the new birth,1972,blues/jazz
21,make her say,kid cudi,2009,pop/rock
22,ed is dead,pixies,1987,pop/rock
23,why did you hoodoo me,savoy brown,2017,blues/jazz
24,earth angel,bobby vee,1961,pop/rock
25,ragged as the road,reckless kelly,2008,country/folk
26,true love waits,radiohead,2016,pop/rock
27,city club,the growlers,2016,pop/rock
28,i've got a crush on you,steve tyrell,2003,blues/jazz
29,night life,ray price,1963,country/folk
30,freedom sound,the skatalites,1997,country/folk
31,the pot,tool,2006,pop/rock
32,two seconds too late,welshly arms,2013,blues/jazz
33,the style you haven't done yet,boogie down productions,1989,hip hop/reggae
34,smile,lyle lovett,2003,country/folk
35,go hard or go home,wiz khalifa,2015,pop/rock
36,tonight the bottle let me down,waylon jennings,1978,country/folk
37,ends of the earth,kenny chesney,2018,country/folk
38,bread and roses,judy collins,1976,pop/rock
39,armed and ready,michael schenker group,1980,pop/rock
40,the clincher,chevelle,2004,pop/rock
41,dollar sign,vybz kartel,2010,country/folk
42,haut de gamme,83,2009,hip hop/reggae
43,wish it were me,the platters,1968,pop/rock
44,l.i.t.,riley richard,2018,blues/jazz
45,hearts on fire,hammerfall,2002,pop/rock
46,nightclubbing,iggy pop,1977,pop/rock
47,praise you in this storm,casting crowns,2005,pop/rock
48,don't be afraid (mi fovasai),terror x crew,2012,hip hop/reggae
49,romeo had juliette,lou reed,1989,pop/rock
50,lush life,nat king cole,1991,blues/jazz
51,the time is now,jimmy durante,1964,blues/jazz
52,if the stars were mine,melody gardot,2009,blues/jazz
53,today,the louvin brothers,1959,country/folk
54,weep no more,bad company,1975,blues/jazz
55,expecting,the white stripes,2001,blues/jazz
56,you can't fall up (you just fall down),tower of power,1991,blues/jazz
57,with a song in my heart,doris day,1954,blues/jazz
58,"a new machine, pt. 1",pink floyd,1987,pop/rock
59,she said she said,chris smither,2018,blues/jazz
60,the hunter gets captured by the game,the marvelettes,1967,pop/rock
61,i'm so happy now,the young rascals,1967,pop/rock
62,authority song,john mellencamp,1983,pop/rock
63,the becoming,nine inch nails,1994,pop/rock
64,long stick goes boom,krokus,1982,blues/jazz
65,standing on the edge of goodbye,john berry,2006,country/folk
66,let's spend the night together,muddy waters,1968,blues/jazz
67,do you feel what i dub?,too rude,1999,country/folk
68,our love,rhett miller,2002,country/folk
69,i got a letter (this morning),john lee hooker,1962,pop/rock
70,plain as the pain on my face,eddie rabbitt,1978,country/folk
71,i'll spend my life with you,the monkees,1967,pop/rock
72,put your hand in the hand,donny hathaway,1971,blues/jazz
73,a lover's concerto,sarah vaughan,1966,blues/jazz
74,can't turn back the years,phil collins,1993,pop/rock
75,give it to me,homeshake,2015,pop/rock
76,built for comfort,ufo,1974,blues/jazz
77,it's the way you make me feel,steps,1998,pop/rock
78,everyday,lucy pearl,2000,pop/rock
79,the blues come around,hank williams,1985,country/folk
80,blue skies,ella fitzgerald,1959,blues/jazz
81,the drugs,the holdup,2011,country/folk
82,dreams,bodeans,1987,pop/rock
83,journey from mariabronn,kansas,1974,pop/rock
84,love don't live here anymore,faith evans,1995,pop/rock
85,outta my face,pepper,2006,country/folk
86,900 miles,terry callier,1968,blues/jazz
87,neon gravestones,twenty one pilots,2018,pop/rock
88,sweat shock,j. roddy walston & the business,2013,blues/jazz
89,let him go,bob marley & the wailers,1977,country/folk
90,killamonjaro,killy,2017,hip hop/reggae
91,the revolution will be televised,jeff beck,2016,blues/jazz
92,something kinda funny,spice girls,1996,pop/rock
93,hop up,k kutta,2017,hip hop/reggae
94,chanting,john holt,1983,country/folk
95,tongues,joywave,2015,pop/rock
96,"steady, as she goes",the raconteurs,2006,blues/jazz
97,fats,thin lizzy,1981,blues/jazz
98,thank you for the feelin',bachman-turner overdrive,1989,country/folk
99,loving arms,kris kristofferson,1973,country/folk
100,anything goes,florida georgia line,2014,pop/rock
101,oh love (live),prince buster,1967,country/folk
102,do the grind,earl king,2006,blues/jazz
103,"open your eyes, you can fly",lizz wright,2003,blues/jazz
104,lonely and gone,montgomery gentry,1999,country/folk
105,that's not my name,the ting tings,2008,pop/rock
106,you gots to chill,epmd,2010,hip hop/reggae
107,made to love you,gary wright,1975,country/folk
108,i've been a long time leavin' (but i'll be a long time gone),roger miller,1995,country/folk
109,cha cha cha d´amour,dean martin,1962,blues/jazz
110,why must i cry,peter tosh,1976,country/folk
111,you and me,soja,2010,country/folk
112,it's good to see you,don williams,1980,country/folk
113,crying games,lucky dube,1999,country/folk
114,armistice day,paul simon,1972,pop/rock
115,forget that girl,the monkees,1967,pop/rock
116,y control,yeah yeah yeahs,2003,pop/rock
117,frame by frame,king crimson,1981,blues/jazz
118,surfin' bird,the cramps,1989,blues/jazz
119,cordelia brown,harry belafonte,1957,pop/rock
120,i can't get started with you,steve tyrell,1999,blues/jazz
121,i am the one you warned me of,blue öyster cult,1988,blues/jazz
122,sometimes,erasure,1987,pop/rock
123,al capone,michael jackson,1987,pop/rock
124,right on time,red hot chili peppers,1999,pop/rock
125,two lives,bonnie raitt,1977,pop/rock
126,the lonely side of love,patty loveless,1988,country/folk
127,i know the way to you by heart,vern gosdin,1985,country/folk
128,cold sweat,thin lizzy,1983,blues/jazz
129,freedom death dance,eugene mcdaniels,1971,blues/jazz
130,biohazard,massacre,1991,blues/jazz
131,screaming and yelling,carole king,1975,pop/rock
132,pure and simple,lynyrd skynyrd,1991,blues/jazz
133,i just wanna run,the downtown fiction,2010,pop/rock
134,her man,waylon jennings,1990,country/folk
135,can't use me,john holt,1983,country/folk
136,downtown tonight,tyler bryant & the shakedown,2013,blues/jazz
137,time will show the wiser,fairport convention,1968,country/folk
138,reach out for me,nancy wilson,1965,blues/jazz
139,down the line,ricky nelson,1958,pop/rock
140,text me texas,chris young,2013,country/folk
141,come closer,mishka,2013,country/folk
142,monk time,the monks,1966,blues/jazz
143,freak of the week,marvelous 3,1998,pop/rock
144,parabol,tool,2001,pop/rock
145,i call your name,the beatles,1988,pop/rock
146,beach bummer,no vacation,2015,pop/rock
147,save a little room in your heart,eddie money,1977,pop/rock
148,khanke to khanke,mohammed rafi,1955,pop/rock
149,boulevard of broken dreams,esquivel!,1959,pop/rock
150,run away with me,carly rae jepsen,2015,pop/rock
151,your cash ain't nothin' but trash,the clovers,1991,blues/jazz
152,gladiator,zayde wølf,2018,pop/rock
153,the story of my love,conway twitty,1959,country/folk
154,go on blues,johnny cash,1976,country/folk
155,hurry home,jason michael carroll,2009,country/folk
156,bobby brown goes down,frank zappa,1979,blues/jazz
157,intro,todd rundgren,1972,pop/rock
158,night time is the right time,aretha franklin,1968,blues/jazz
159,(the man who shot) liberty valance,gene pitney,1972,pop/rock
160,crawling king snake,george thorogood & the destroyers,1985,blues/jazz
161,the man that i've been,cory morrow,1993,country/folk
162,fantastic voyage (lil stayne mix),coolio,2008,hip hop/reggae
163,4:20,method man,2018,hip hop/reggae
164,everything i am,kanye west,2007,pop/rock
165,world without you,belinda carlisle,1987,pop/rock
166,hey mr. d.j.,zhané,2013,pop/rock
167,his life for mine,the talleys,2003,country/folk
168,i believe i can fly,me first and the gimme gimmes,2003,pop/rock
169,"hey, hey helen",abba,1975,pop/rock
170,johnny can't read,don henley,1982,pop/rock
171,you used to love me,faith evans,1995,pop/rock
172,mothership reconnection (feat.parliament/funkadelic),scott grooves,2006,blues/jazz
173,hair of the dog (studio demo),nazareth,2009,blues/jazz
174,run,bring me the horizon,2015,pop/rock
175,(it's like you) never left at all,america,1984,country/folk
176,when i had you with me,the beautiful girls,2005,country/folk
177,out in l.a.,red hot chili peppers,1984,pop/rock
178,you've got to have freedom,pharoah sanders,2008,blues/jazz
179,hip hop lover,en vogue,1992,hip hop/reggae
180,my name is jack,manfred mann,1968,pop/rock
181,shoot me dead,hours eastly,2012,country/folk
182,wicked gonna come,blues saraceno,2018,blues/jazz
183,stax jam,galactic,1996,blues/jazz
184,don't give in,steel pulse,1984,country/folk
185,hot dog,limp bizkit,2000,pop/rock
186,don't throw your love away,the searchers,1964,pop/rock
187,dead cell,papa roach,2001,pop/rock
188,spirit crusher,death,1998,pop/rock
189,i love you,sarah mclachlan,1997,pop/rock
190,inspector mills,america,1982,country/folk
191,making days longer,rjd2,2004,blues/jazz
192,don't touch me tomato,phyllis dillon,1967,country/folk
193,for all we know,donny hathaway,2013,blues/jazz
194,starships,nicki minaj,2011,pop/rock
195,sleeping heart,the judds,1984,country/folk
196,stop,black rebel motorcycle club,2003,blues/jazz
197,make you mine,black lips,2014,blues/jazz
198,i stayed long enough,tammy wynette,1967,country/folk
199,energy,"earth, wind & fire",1971,blues/jazz
200,it's growing,otis redding,1966,blues/jazz
201,your cheatin' heart,hank williams,1978,country/folk
202,baby's on fire,die antwoord,2012,pop/rock
203,the tear of the year,jackie wilson,1962,blues/jazz
204,a wonderful yesterday,willie nelson,1968,country/folk
205,i'm with you,the millennium,1968,pop/rock
206,bang bang,nancy sinatra,2003,pop/rock
207,avon,queens of the stone age,1998,blues/jazz
208,the next episode,dr. dre,2000,hip hop/reggae
209,lonesome whistle,george jones,1962,country/folk
210,lookin' for a reason,creedence clearwater revival,1972,pop/rock
211,mind riot,soundgarden,1991,pop/rock
212,dear michael,michael jackson,1975,pop/rock
213,girl next door,long beach shortbus,2004,country/folk
214,captain lou,nrbq,1984,country/folk
215,god has my fortune laid away,johnny cash,1962,country/folk
216,expecting,minnie riperton,1970,blues/jazz
217,renegade,thin lizzy,1981,blues/jazz
218,lessons learned,dan fogelberg,1977,country/folk
219,out of the blue,roxy music,1974,pop/rock
220,my world,sublime with rome,2011,country/folk
221,angelina,harry belafonte,1961,pop/rock
222,you win again,johnny cash,1959,country/folk
223,sunburn,fuel,1997,pop/rock
224,reach out and touch (somebody's hand),aretha franklin,1971,blues/jazz
225,edge of the earth,thirty seconds to mars,2002,pop/rock
226,"you, you, you",sonny james,1958,country/folk
227,married to the blues,shemekia copeland,1998,blues/jazz
228,i got the blues,dion & the belmonts,1959,pop/rock
229,after all the things i've done,hank thompson,1958,country/folk
230,they roll (feat. the game),nipsey hussle,2013,pop/rock
231,in orbit,thelonious monk,1958,blues/jazz
232,greetings,half pint,1997,country/folk
233,my heart,ronnie milsap,1980,country/folk
234,kiss me black,the birthday party,1982,blues/jazz
235,65 hunnid,vince staples,2019,hip hop/reggae
236,elevator,the black keys,2006,blues/jazz
237,you turn me on,tim mcgraw,1997,country/folk
238,i wish it would rain,gladys knight & the pips,1968,pop/rock
239,echo,jason walker,2011,pop/rock
240,in my dreams,josh turner,2003,country/folk
241,holy books,death from above 1979,2017,blues/jazz
242,nashville to kentucky,my morning jacket,1999,country/folk
243,run them,the gladiators,1992,country/folk
244,about a bird,fantastic negrito,2017,blues/jazz
245,seeing is believing,donna fargo,1980,country/folk
246,"within you, without you",tedeschi trucks band,2017,blues/jazz
247,everytime you go away,susan wong,2009,blues/jazz
248,what love has joined together,mary wells,1993,pop/rock
249,war pigs,gov't mule,1999,blues/jazz
250,high voltage / it's a long way to the top (if you wanna rock 'n' roll),eagles of death metal,2019,blues/jazz
251,escape,pete rock & c.l. smooth,1994,blues/jazz
252,elsewhere,sarah mclachlan,1993,pop/rock
253,killers,iron maiden,1981,pop/rock
254,sweet life,the movement,2014,country/folk
255,one world (not three),pato banton,1992,country/folk
256,dynasty,miia,2015,pop/rock
257,shopping,eek-a-mouse,1996,country/folk
258,take it or leave it,the strokes,2001,pop/rock
259,no plans for tomorrow,the emotions,1976,blues/jazz
260,honky tonk dancer,38 special,1980,country/folk
261,jah love in we heart,toyan,1981,country/folk
262,how i'd love to love you,nat king cole,1992,blues/jazz
263,violence,slightly stoopid,1998,country/folk
264,open mind,stone senses,2006,country/folk
265,hero,willie nelson,2012,country/folk
266,don quixote,gordon lightfoot,1975,country/folk
267,sing it again,the wood brothers,2009,blues/jazz
268,slip slidin' away,simon & garfunkel,1982,pop/rock
269,little things,rodney carrington,1998,country/folk
270,true love,the brian jonestown massacre,1996,blues/jazz
271,back in my younger days,don williams,1990,country/folk
272,between the devil and the deep blue sea,blossom dearie,1997,blues/jazz
273,96 tears,big maybelle,2007,blues/jazz
274,gates of steel,devo,1980,pop/rock
275,white christmas,dean martin,1959,blues/jazz
276,if you stayed over,bonobo,2006,blues/jazz
277,change in the weather,buddy guy,1993,blues/jazz
278,heart of gold,neil young,1972,pop/rock
279,amazing grace,randy travis,2000,country/folk
280,t-r-o-u-b-l-e,travis tritt,1992,country/folk
281,another puff,jerry reed,1995,country/folk
282,next to you,dan siegel,1983,blues/jazz
283,it's going to take some time,carole king,1971,pop/rock
284,falling in love with jesus,kirk whalum,2002,blues/jazz
285,got to be there,michael jackson,1972,pop/rock
286,king,tesseract,2018,blues/jazz
287,blind feeling,gary wright,1975,country/folk
288,veracruz,santana,1987,blues/jazz
289,stacks o' money,eagles of death metal,2004,blues/jazz
290,missiles,the sound,1980,pop/rock
291,die by the drop,the dead weather,2010,blues/jazz
292,rolling in the deep,go radio,2011,pop/rock
293,i died inside,lesley gore,1964,pop/rock
294,our lives are shaped by what we love,odyssey,1972,pop/rock
295,in its own little way,dottie west,1965,country/folk
296,dread locks,lee perry & the upsetters,1974,country/folk
297,don’t look back into the sun,the libertines,2007,pop/rock
298,marie,yazmin lacey,2017,blues/jazz
299,the battle of evermore,led zeppelin,1971,pop/rock
300,walking the floor over you,ernest tubb,1987,country/folk
301,yesterday's mistakes,oi va voi,2003,blues/jazz
302,nazarene,johnny cash,1969,country/folk
303,love is everywhere,pharoah sanders,1973,blues/jazz
304,love you like a love song,selena gomez & the scene,2011,pop/rock
305,start a riot,banners,2016,pop/rock
306,rainbow in the sky,ziggy marley,2003,country/folk
307,balaclava,arctic monkeys,2007,pop/rock
308,cold war,death from above 1979,2004,blues/jazz
309,she belongs to me,leon russell,1971,country/folk
310,the guitar man,cake,2004,pop/rock
311,i feel love (every million miles),the dead weather,2015,blues/jazz
312,the archetypal man,judee sill,1971,country/folk
313,a boy's best friend,the white stripes,2000,blues/jazz
314,planetary duality i: hideous revelation,the faceless,2008,blues/jazz
315,long gone,brownie mcghee,1951,country/folk
316,national finals rodeo,chris ledoux,1973,country/folk
317,should've ran after you,cole swindell,2015,country/folk
318,tear in my heart,twenty one pilots,2015,pop/rock
319,ghosts,the jam,1982,pop/rock
320,hoes mad,famous dex,2016,pop/rock
321,ain't times hard,nick moss & the flip tops,2003,blues/jazz
322,above and beyond (the call of love),conway twitty,1961,country/folk
323,outta here,kenny chesney,2004,country/folk
324,i was doing all right,louis armstrong,1957,blues/jazz
325,send me a friend,anders osborne,2012,blues/jazz
326,intolerance,tool,1993,pop/rock
327,when the shit hits the fan / sunset blvd.,todd rundgren,1972,pop/rock
328,reasons,chris rea,1984,blues/jazz
329,to lay me down,grateful dead,1981,pop/rock
330,gangsta,8ball & mjg,2018,hip hop/reggae
331,very special love,alabama,1980,country/folk
332,ocean breakup / king of the universe,electric light orchestra,1973,pop/rock
333,just for a thrill,ray charles,1959,blues/jazz
334,stuck in the moment,justin bieber,2010,pop/rock
335,knocks me off my feet,donell jones,1996,pop/rock
336,sick of being lonely,field mob,2002,pop/rock
337,beautiful,kenny g,1986,blues/jazz
338,sickening,meshuggah,1991,blues/jazz
339,oldest story in the world,the plimsouls,1983,pop/rock
340,panic station,muse,2012,pop/rock
341,compared to what,roberta flack,1969,blues/jazz
342,attracted to pain,earl thomas conley,1986,country/folk
343,time to say goodbye,b.b. king,1958,blues/jazz
344,running with a gun,slightly stoopid,2003,country/folk
345,roads girdle the globe,xtc,1979,pop/rock
346,vitamin r (leading us along),chevelle,2004,pop/rock
347,clash,caravan palace,2012,blues/jazz
348,one big family,half pint,1997,country/folk
349,disparate youth,santigold,2012,pop/rock
350,if you're gonna play in texas (you gotta have a fiddle in the band),alabama,1980,country/folk
351,red sector a,rush,1984,pop/rock
352,whutcha want?,nine,2019,hip hop/reggae
353,eight miles high,the byrds,1965,pop/rock
354,thomas,a perfect circle,2000,pop/rock
355,journey,black uhuru,1981,country/folk
356,long distance call,muddy waters,1957,blues/jazz
357,king george,roy ayers,1973,blues/jazz
358,tongue tied,wanda jackson,1961,pop/rock
359,where your road leads,garth brooks,1998,country/folk
360,a girl is a gun,old dominion,2017,country/folk
361,blue thunder,galaxie 500,1989,pop/rock
362,fire and brimstone,link wray,1971,blues/jazz
363,blame the moon,beth hart,1996,blues/jazz
364,hail mi idren,ini kamoze,1984,country/folk
365,mansard roof,vampire weekend,2008,pop/rock
366,motivation,t.i.,2004,pop/rock
367,lunar wilderness,between the buried and me,2011,blues/jazz
368,where's da bud,three 6 mafia,1997,pop/rock
369,pessimistic lines,bad religion,1988,pop/rock
370,carry me on,arc angels,1992,blues/jazz
371,bare bones,madeleine peyroux,2009,blues/jazz
372,wake up and live,bob marley & the wailers,1979,country/folk
373,my broken souvenirs,pussycat,1977,pop/rock
374,so a child may follow,damian marley,2017,country/folk
375,grow old with me,mary chapin carpenter,1989,country/folk
376,"cody, cody",the flying burrito brothers,1970,pop/rock
377,"hey, good lookin'",mose allison,1994,blues/jazz
378,fox on the run,sweet,1974,pop/rock
379,the pros and cons of breathing,fall out boy,2003,pop/rock
380,judgement day,raging fyah,2015,country/folk
381,i can't stop loving you,diane schuur,1994,blues/jazz
382,what a diff'rence a day made,aretha franklin,1964,blues/jazz
383,gun down,bounty killer,1996,country/folk
384,5-10-15 hours,ruth brown,1957,blues/jazz
385,situation crazy,pato banton,1990,country/folk
386,goodnight chicago,rainbow kitten surprise,2015,pop/rock
387,elouise,the lumineers,2013,pop/rock
388,beyond the realms of death,judas priest,1978,pop/rock
389,two kinds of happiness,the strokes,2011,pop/rock
390,when the lights gone out,ziggy marley & the melody makers,1992,country/folk
391,calling all the people,4 non blondes,1992,pop/rock
392,thick & thin,stick figure,2009,country/folk
393,r.i.p. 2 my youth,the neighbourhood,2015,pop/rock
394,she-wolf,megadeth,1997,pop/rock
395,pity party,melanie martinez,2015,pop/rock
396,seasick emotions,the wood brothers,2018,blues/jazz
397,lonely blue boy,conway twitty,1960,country/folk
398,it might as well be spring,dinah washington,1995,blues/jazz
399,heartbreaker,crazy p,2011,blues/jazz
400,for the love of money,bulletboys,1988,pop/rock
401,big all around,gregory isaacs,1989,country/folk
402,eldorado finale,electric light orchestra,1974,pop/rock
403,give it time,bachman-turner overdrive,1973,country/folk
404,cry baby,melanie martinez,2015,pop/rock
405,just a lil bit,50 cent,2005,pop/rock
406,moneytalks,ac/dc,1990,pop/rock
407,white trash story,casey donahew,2006,country/folk
408,after all,al jarreau,1984,blues/jazz
409,sittin' in the balcony,eddie cochran,1957,pop/rock
410,the one you belong to,the sheepdogs,2010,blues/jazz
411,tender lover,babyface,1989,pop/rock
412,welcome,phil collins,2003,pop/rock
413,river of time,the judds,1989,country/folk
414,arhegh danagh,tinariwen,2014,blues/jazz
415,nine tonight,bob seger,1981,pop/rock
416,flaws,bastille,2013,pop/rock
417,freedom for my people,adam gussow,1988,blues/jazz
418,"you stay (feat. meek mill, j balvin, lil baby & jeremih)",dj khaled,2019,pop/rock
419,when i'm small,phantogram,2009,pop/rock
420,tonight's not the night,randy rogers band,2004,country/folk
421,night hunting time,santana,1983,blues/jazz
422,stay,madonna,1984,pop/rock
423,no more hot dogs,hasil adkins,2002,blues/jazz
424,let you down,seether,2017,pop/rock
425,long time to forget,george jones,1955,country/folk
426,stick up,grandson,2018,pop/rock
427,burning up,bad company,1986,blues/jazz
428,evil has no boundaries,slayer,1983,pop/rock
429,son of a rotten gambler,emmylou harris,1981,country/folk
430,falling for you,merle haggard,1965,country/folk
431,eleanor,louis prima,1951,blues/jazz
432,every generation,ronnie laws,1980,blues/jazz
433,why i am,dave matthews band,2009,pop/rock
434,nobody other,kadhja bonet,2016,blues/jazz
435,philly,spyro gyra,1980,blues/jazz
436,so what,ministry,1989,pop/rock
437,most i,chronixx,2013,country/folk
438,laid back and wasted,david allan coe,1977,country/folk
439,i love your lovin' ways,nina simone,1966,blues/jazz
440,waist,sonic youth,1994,blues/jazz
441,my favorite heart to break,the parlor mob,2008,blues/jazz
442,rastaman chant,bob marley & the wailers,1982,country/folk
443,"if you gotta go, go now (or else you got to stay all night)",bob dylan,1965,pop/rock
444,step by step,mikey dread,1979,country/folk
445,forgive me,hank thompson,1963,country/folk
446,red white & blue,lynyrd skynyrd,2003,country/folk
447,"please help me, i'm falling",hank locklin,1965,country/folk
448,push and shove,the subdudes,1991,blues/jazz
449,time changes everything,carl smith,1957,country/folk
450,hiding,breakestra,2005,blues/jazz
451,there's a new kid in town,george strait,1986,country/folk
452,love is alive,gary wright,1975,country/folk
453,uncle pen,bill monroe,1999,country/folk
454,another year,labi siffre,1975,pop/rock
455,mattie's rag,gerry rafferty,1978,pop/rock
456,out of the blue,george benson,1984,blues/jazz
457,the a team,ed sheeran,2011,pop/rock
458,why,jason aldean,2005,country/folk
459,still losing you,ronnie milsap,1984,country/folk
460,oh what it did to me,tanya tucker,2000,country/folk
461,one slip,pink floyd,1987,pop/rock
462,highway's holding me now,samantha fish,2015,blues/jazz
463,asteroid,passafire,2007,country/folk
464,jump,madonna,2005,pop/rock
465,listen to your heartbeat,gary moore,1985,blues/jazz
466,those damned blue-collar tweekers,primus,1991,pop/rock
467,el dinero,sindicato argentino del hip hop,2005,hip hop/reggae
468,dooley,the gourds,2001,country/folk
469,face to face,alabama,1980,country/folk
470,big guns,rory gallagher,1982,blues/jazz
471,blondie,current joys,2013,pop/rock
472,a piece of the action,the babys,1977,pop/rock
473,f**k you,sleeping with sirens,2011,pop/rock
474,if you ever get lonely,love and theft,2012,country/folk
475,my arms were always around you,peter bradley adams,2017,pop/rock
476,goddaughter (feat. e.n young),pepper,2019,country/folk
477,goodbye,mary hopkin,1968,pop/rock
478,me and your cigarettes,miranda lambert,2009,country/folk
479,tooth fang & claw,ted nugent,2012,blues/jazz
480,lightning,dispatch,2000,country/folk
481,no one receiving,brian eno,1977,pop/rock
482,find the cost of freedom,"crosby, stills, nash & young",1971,blues/jazz
483,slow healing heart,vern gosdin,1984,country/folk
484,behind the wall of sleep,the smithereens,1986,pop/rock
485,everybody's somebody's fool,connie francis,1963,pop/rock
486,don't forget,the platters,1957,pop/rock
487,withered hand,thee oh sees,2015,blues/jazz
488,still falling for you,boz scaggs,1977,country/folk
489,hip hop barber shop request line,xscape,1995,hip hop/reggae
490,to the dogs or whoever,josh ritter,2007,country/folk
491,let the rest of the world go by,willie nelson,1979,country/folk
492,proceed,the roots,2017,hip hop/reggae
493,why can't he be you,patsy cline,1963,country/folk
494,there's a tear in my beer,hank williams,1992,country/folk
495,crash,casey donahew,2006,country/folk
496,harmony,slade,1985,blues/jazz
497,burning down,nazareth,1984,blues/jazz
498,kind of woman,stevie nicks,1981,pop/rock
499,"forgive, don't forget",soja,2002,country/folk
500,mercy,wire,1978,pop/rock
501,gettin' down on the mountain,corb lund,2012,country/folk
502,tourniquet,tesseract,2015,blues/jazz
503,patricia,pérez prado,1950,pop/rock
504,let's pretend,raspberries,1972,pop/rock
505,welcome into my world,george benson,1979,blues/jazz
506,wishing well,terence trent d'arby,1987,pop/rock
507,don't give it up,larry carlton,1978,blues/jazz
508,holiday (feat. phiness),naughty by nature,1999,pop/rock
509,don't let it get you down,johnnyswim,2013,pop/rock
510,coroner,lando chill,2016,blues/jazz
511,"one man, one woman",abba,1977,pop/rock
512,the whip,the ethiopians,2004,country/folk
513,chicago,"crosby, stills, nash & young",1971,blues/jazz
514,good ole days (feat. brent cobb),whiskey myers,2016,country/folk
515,under the sun,black sabbath,1972,pop/rock
516,check out your mind,the impressions,1970,pop/rock
517,the streets of laredo,johnny cash,1965,country/folk
518,nobody in his right mind would've left her,keith whitley,1985,country/folk
519,verbal clap,de la soul,2004,blues/jazz
520,thorn in my pride,the black crowes,1992,pop/rock
521,shot clock,ella mai,2018,pop/rock
522,"be all, end all",anthrax,1988,pop/rock
523,soldiers,abba,1981,pop/rock
524,keep it dark,genesis,1981,pop/rock
525,i second that emotion,jerry garcia,1988,blues/jazz
526,hussle in the house,nipsey hussle,2019,hip hop/reggae
527,get my party on,shaggy,2002,country/folk
528,way to break my heart (feat. skrillex),ed sheeran,2019,pop/rock
529,baby the rain must fall,kenny wayne shepherd,2011,blues/jazz
530,anna marie,jim reeves,1991,country/folk
531,nicotine stain,siouxsie and the banshees,1978,pop/rock
532,will you love me tomorrow,brenda lee,1961,pop/rock
533,the wurlitzer prize,kacey musgraves,2017,country/folk
534,i got a man (re-recorded),positive k,2008,hip hop/reggae
535,far away places,bing crosby,1993,blues/jazz
536,white winter hymnal,fleet foxes,2008,pop/rock
537,the words i would say,sidewalk prophets,2009,pop/rock
538,run bobby run,lesley gore,1963,pop/rock
539,heresy,pantera,1990,pop/rock
540,herbist,cali p,2012,country/folk
541,long way to go,corey smith,2003,country/folk
542,too marvelous for words,billie holiday,1956,blues/jazz
543,jumping jack flash,peter frampton,1976,country/folk
544,"backroads life (feat. charlie farley, demun jones & the lacs)",mud digger,2015,country/folk
545,royal garden blues,bix beiderbecke,1988,blues/jazz
546,cha cha cha in blue,junior wells,1957,blues/jazz
547,papa-oom-mow-mow,the beach boys,1964,pop/rock
548,sideways (feat. citizen cope),santana,2002,blues/jazz
549,that's how i escaped my certain fate,mission of burma,1982,pop/rock
550,i was blind,b.b. king,1960,blues/jazz
551,indescribable,chris tomlin,2011,pop/rock
552,please yourself,ron gallo,2017,blues/jazz
553,egg,the garden,2015,pop/rock
554,deep inside,patra,1995,country/folk
555,(we're not) the jet set (feat. iris dement),john prine,1999,country/folk
556,affirmation,savage garden,1999,pop/rock
557,missouri,david nail,2009,country/folk
558,reckoning,whiskey myers,2014,country/folk
559,i'll always love you,tito nieves,2005,blues/jazz
560,within without,the ozark mountain daredevils,1973,country/folk
561,love is alive,the judds,1984,country/folk
562,the bed's too big without you,the police,1979,pop/rock
563,mary ann,alice cooper,1973,blues/jazz
564,high shelf booze,eilen jewell,2007,country/folk
565,bonaparte's retreat,hank locklin,1967,country/folk
566,christopher columbus,burning spear,2012,country/folk
567,the next time,cliff richard & the shadows,1963,pop/rock
568,police state,tropidelic,2015,country/folk
569,pull up vibes,beres hammond,2013,country/folk
570,my father's eyes,eric clapton,1992,blues/jazz
571,cry,mandy moore,1999,pop/rock
572,cat people (putting out fire),david bowie,1983,pop/rock
573,frontline,pillar,2004,pop/rock
574,he's in dallas,reba mcentire,1991,country/folk
575,broken whiskey glass,post malone,2016,pop/rock
576,run to him,bobby vee,1962,pop/rock
577,crash and burn,savage garden,1999,pop/rock
578,naked,james arthur,2017,pop/rock
579,lucky star,madonna,1983,pop/rock
580,vultures,phish,2011,blues/jazz
581,can't truss it,public enemy,2015,hip hop/reggae
582,the burning spear (live),sonic youth,1981,blues/jazz
583,i'm waiting,bargain music,2003,country/folk
584,git it on brother,dillard & clark,1968,country/folk
585,jimmy's gang,parov stelar,2012,blues/jazz
586,the one that got away,katy perry,2010,pop/rock
587,ain’t got no money,justin townes earle,2019,blues/jazz
588,the devil is singing our song,james gang,1973,country/folk
589,i got one for ya',kid rock,1998,pop/rock
590,as we go along,the monkees,1968,pop/rock
591,do you love me still?,the kooks,2006,pop/rock
592,old dan tucker's daughter,tanya tucker,1972,country/folk
593,our ages or our hearts,roberta flack,1969,blues/jazz
594,unsteady,x ambassadors,2015,pop/rock
595,opm medley: when i met you,freestyle,1950,pop/rock
596,looks like we made it,barry manilow,1974,pop/rock
597,holy cow,lee dorsey,2000,blues/jazz
598,strange fruit,billie holiday,1956,blues/jazz
599,maniac,kid cudi,2010,pop/rock
600,two steps from the blues,"bobby ""blue"" bland",2001,blues/jazz
601,hey tomorrow,jim croce,1972,pop/rock
602,deja vu (all over again),john fogerty,2004,blues/jazz
603,baby did you hear,dinah washington,1987,blues/jazz
604,this one's for the girls,martina mcbride,2003,country/folk
605,dig,mudvayne,2000,pop/rock
606,outta my mind,des rocs,2019,blues/jazz
607,let me down easy,the stranglers,1984,pop/rock
608,adult diversion,alvvays,2014,pop/rock
609,words and music,porter wagoner,1967,country/folk
610,piss on the wall,the j. geils band,1981,pop/rock
611,new york state of mind (with billy joel),tony bennett,2001,blues/jazz
612,crua chan,sumo,1987,country/folk
613,nobody's real,powerman 5000,1999,pop/rock
614,clean,incubus,1999,pop/rock
615,the sky is crying / have you ever loved a woman / rambling on my mind,eric clapton,1974,blues/jazz
616,hideaway,moonchild,2017,blues/jazz
617,bernadette,four tops,1999,pop/rock
618,lip addiction,shag rock,2017,country/folk
619,true love,soja,2002,country/folk
620,"if you gotta go, go now",manfred mann,1965,pop/rock
621,smile,brian hughes,1999,blues/jazz
622,beautiful,willie clayton,2006,blues/jazz
623,over and over,jean shepard,1956,country/folk
624,it ain't necessarily so,grant green,1980,blues/jazz
625,yes i do,rascal flatts,2006,country/folk
626,out of my system,gary moore,1985,blues/jazz
627,con man,dispatch,2011,country/folk
628,one kiss (with dua lipa),calvin harris,2018,pop/rock
629,the blackboard of my heart,hank thompson,1960,country/folk
630,don’t let me be lonely,the band perry,2013,country/folk
631,living on memories of you,dolly parton,1974,country/folk
632,too fast for love,mötley crüe,1981,pop/rock
633,where are you?,brenda lee,1963,blues/jazz
634,you did the crime,buddy guy,2018,blues/jazz
635,tabloid junkie,michael jackson,1995,pop/rock
636,straight up,paula abdul,1988,pop/rock
637,check,zebrahead,1998,pop/rock
638,show me the way to go home,"emerson, lake & palmer",1977,blues/jazz
639,generals and majors,xtc,1980,pop/rock
640,my mic sounds nice,salt-n-pepa,1986,pop/rock
641,same old fool,dolly parton,1980,country/folk
642,good ambition,ub40,1998,country/folk
643,blue moon,beck,2014,pop/rock
644,moggio,frank zappa,1983,blues/jazz
645,cities in dust,siouxsie and the banshees,1986,pop/rock
646,razor boy,steely dan,1973,blues/jazz
647,southern ways,lynyrd skynyrd,2009,country/folk
648,purgatory,iron maiden,1981,pop/rock
649,stay awhile,journey,1980,pop/rock
650,velvet light,jakob ogawa,2018,pop/rock
651,trap star,jeezy,2005,pop/rock
652,johnny law,wayne hancock,1997,country/folk
653,crying over you,ub40,1998,country/folk
654,i'm above,mad season,1995,blues/jazz
655,a house without love,george jones,1962,country/folk
656,hold back the rain,duran duran,1982,pop/rock
657,"good morning, captain",slint,1991,pop/rock
658,are you sleeping?,harry nilsson,1970,pop/rock
659,leanin' on the old top rail,eddy arnold,1963,country/folk
660,ole man trouble,otis redding,1965,blues/jazz
661,my happy ending,avril lavigne,2004,pop/rock
662,the next kiss (is the last goodbye),conway twitty,1962,country/folk
663,millworker,james taylor,1979,pop/rock
664,in my blood,shawn mendes,2018,pop/rock
665,1-2-3,gloria estefan,1984,pop/rock
666,nice & slow,brian culbertson,2001,blues/jazz
667,(gotta get a) meal ticket,elton john,1975,pop/rock
668,don't pity me,dion & the belmonts,1959,pop/rock
669,i'm the one who loves you,the impressions,1963,pop/rock
670,easy silence,dixie chicks,2006,country/folk
671,a national acrobat,black sabbath,1973,pop/rock
672,if you walked away,cliff richard,1976,pop/rock
673,still a g thang,snoop dogg,2017,hip hop/reggae
674,after you've gone,judy garland,1955,blues/jazz
675,take me home country roads,honeybrowne,2006,country/folk
676,out in the cold,tom petty and the heartbreakers,1991,pop/rock
677,walking on the moon,the police,1979,pop/rock
678,earnings,rahn harper,2016,hip hop/reggae
679,we all stand,new order,1983,pop/rock
680,the buzz feeling,ub40,1985,country/folk
681,fight for your rights,mötley crüe,1985,pop/rock
682,beggar's game,dan fogelberg,1979,country/folk
683,the call,cantoma,2005,blues/jazz
684,the signs part i,david axelrod,1970,blues/jazz
685,supermarket fantasy,screeching weasel,1988,pop/rock
686,peace blossom boogy,babe rainbow,2017,country/folk
687,sex & super smash bros.,kyle,2013,pop/rock
688,one night in a lifetime,donna summer,1979,pop/rock
689,good times,sam cooke,1960,pop/rock
690,build your nest,"earth, wind & fire",1973,blues/jazz
691,big-legged woman,chris duarte,1994,blues/jazz
692,you don't have far to go,merle haggard,1965,country/folk
693,don't mine at night,brad knauber,2012,pop/rock
694,i hip hop,thundamentals,2009,hip hop/reggae
695,power to the music,mötley crüe,1994,pop/rock
696,chapters,brett young,2018,country/folk
697,raining blood,slayer,1986,pop/rock
698,chosen ones,megadeth,1985,pop/rock
699,young and wild,zac brown band,2015,country/folk
700,in care of the blues,patsy cline,1957,country/folk
701,all the way,new order,1989,pop/rock
702,pain,jimmy eat world,2004,pop/rock
703,past my prime,greensky bluegrass,2016,pop/rock
704,billy's brother,cody johnson,2016,country/folk
705,love is the queen,seeed,2003,country/folk
706,georgia warhorse,jj grey & mofro,2010,blues/jazz
707,the christian life,sanchez,1999,country/folk
708,all the answers,social distortion,1982,pop/rock
709,prelude to a kiss,billie holiday,1991,blues/jazz
710,broken hearted me,england dan,1978,pop/rock
711,just one fix,ministry,1992,pop/rock
712,gone ride with me,juvenile,1998,pop/rock
713,chanson,art farmer,1977,blues/jazz
714,i've wasted so much time,enjoy,2010,pop/rock
715,concrete jungle,bob marley & the wailers,1973,country/folk
716,welcome to tha concrete jungle,lil wayne,2014,hip hop/reggae
717,pastime paradise,ray barretto,1979,blues/jazz
718,are you lonely for me baby,otis redding,1967,blues/jazz
719,hop out (feat. curren$y),lndn drgs,2018,hip hop/reggae
720,the sinking feeling,the the,1983,pop/rock
721,of mind,tesseract,2013,blues/jazz
722,dream attack,new order,1989,pop/rock
723,"one year, six months",yellowcard,2003,pop/rock
724,the deep end,crossfade,2004,pop/rock
725,window of my eyes,boosie badazz,2017,hip hop/reggae
726,water,joe henderson,1974,blues/jazz
727,second choice,stonewall jackson,1962,country/folk
728,do it again,terrace martin,2011,blues/jazz
729,so far away,dire straits,1985,pop/rock
730,wonderful christmas time,kelly rowland,2017,hip hop/reggae
731,legends,kelsea ballerini,2018,country/folk
732,counting the days,marah,1954,country/folk
733,stuck in these shoes,aaron lewis,2016,country/folk
734,gettin' hungry (mono),the beach boys,1967,pop/rock
735,never be alone,shawn mendes,2015,pop/rock
736,sunset,sonny stitt,1982,blues/jazz
737,hummingbird,seals and crofts,1972,pop/rock
738,putty in your hands,the shirelles,1962,pop/rock
739,nobody makes money,fantastic negrito,2014,blues/jazz
740,i'm not afraid to die,gillian welch,1998,country/folk
741,they still like me,lil wayne,2014,hip hop/reggae
742,please read the letter,robert plant,2007,blues/jazz
743,breathe you in,dierks bentley,2012,country/folk
744,hatef--k,the bravery,2009,pop/rock
745,only you (and you alone),travis tritt,1995,country/folk
746,it's on,mary j. blige,1997,pop/rock
747,try it,black uhuru,1984,country/folk
748,the spark of the archon,native construct,2015,blues/jazz
749,jah is always there,warrior king,2005,country/folk
750,soft serve,soul coughing,1996,pop/rock
751,fifteen keys,uncle tupelo,1993,country/folk
752,sit awhile,the band steele,2017,country/folk
753,sweat,oingo boingo,1983,pop/rock
754,everything will be alright,j.j. cale,1972,blues/jazz
755,when we all get to heaven,brad paisley,2007,country/folk
756,congratulations,traveling wilburys,1988,blues/jazz
757,flowers on the wall,johnny cash,1968,country/folk
758,make me smile (come up and see me),steve harley,1975,pop/rock
759,outta mind,night beats,2013,blues/jazz
760,love never changes,the chordettes,1957,pop/rock
761,crash course in brain surgery,metallica,1998,pop/rock
762,i'm sitting on top of the world,aretha franklin,1962,blues/jazz
763,the river of dreams,billy joel,1993,pop/rock
764,right back,brick,1981,blues/jazz
765,the line,black rebel motorcycle club,2005,blues/jazz
766,it's not love (but it's not bad),merle haggard,2007,country/folk
767,what am i living for,conway twitty,1963,country/folk
768,i'm gonna lock my heart (and throw away the key),billie holiday,1980,blues/jazz
769,all of a sudden,josh abbott band,2010,country/folk
770,lay down,priestess,2006,pop/rock
771,you ain't foolin' me,screamin' jay hawkins,1991,blues/jazz
772,bloodstone,judas priest,1982,pop/rock
773,texas strut,gary moore,1990,blues/jazz
774,blue spirit blues,bessie smith,1993,blues/jazz
775,when we was fab,george harrison,1987,pop/rock
776,tiger rag,the mills brothers,1995,blues/jazz
777,there's not a problem my squad can't fix,busta rhymes,2017,hip hop/reggae
778,she's leaving,orchestral manoeuvres in the dark,1981,pop/rock
779,i've been tired,pixies,1987,pop/rock
780,get it right the first time,billy joel,1977,pop/rock
781,one from the heart,nazareth,1986,blues/jazz
782,out of africa,capital letters,1979,country/folk
783,frankie's gun!,the felice brothers,2008,country/folk
784,free to be me,francesca battistelli,2008,pop/rock
785,gone home,lester flatt,1951,country/folk
786,song about the moon,paul simon,1983,pop/rock
787,bridges burned,the expendables,2004,country/folk
788,i made it (cash money heroes),kevin rudolf,2010,pop/rock
789,a lesson in gravity,ballyhoo!,2013,country/folk
790,this is the right time,lisa stansfield,1989,pop/rock
791,violence,blink-182,2003,pop/rock
792,no fear,terri clark,2000,country/folk
793,tomorrow,ronnie laws,1980,blues/jazz
794,room a thousand years wide,soundgarden,1991,pop/rock
795,we sing hallelujah,richard thompson,1974,country/folk
796,lookin' back,bob seger,1976,pop/rock
797,suite-pee,system of a down,1998,pop/rock
798,flowers on the wall,nancy sinatra,1966,pop/rock
799,jack of diamonds,scott h. biram,2014,blues/jazz
800,luv (sic) pt4 lastorder remix,nujabes,2015,blues/jazz
801,ram dancehall,shabba ranks,1991,country/folk
802,i believe in love,matisyahu,2012,country/folk
803,i'm free,merle haggard,1969,country/folk
804,lovely cruise,jimmy buffett,1977,pop/rock
805,everything,mary j. blige,1997,pop/rock
806,adrenaline,nate millyunz,2013,hip hop/reggae
807,feelins',loretta lynn,1975,country/folk
808,i'll wait for you,frankie avalon,1960,pop/rock
809,got soul,robert randolph & the family band,2016,blues/jazz
810,hard times,boz scaggs,1977,pop/rock
811,"i can't help myself (sugar pie, honey bunch)",dolly parton,1984,country/folk
812,let's call this,thelonious monk,1954,blues/jazz
813,a house without love,hank williams,1966,country/folk
814,guitars and tiki bars,kenny chesney,2005,country/folk
815,mona lisa,johnny burnette,1961,pop/rock
816,summer days,blackfoot,1984,country/folk
817,sacred trickster,sonic youth,2009,blues/jazz
818,take these chains from my heart,hank williams,1978,country/folk
819,red light,siouxsie and the banshees,1980,pop/rock
820,out of my way,seether,2004,pop/rock
821,ain't no love in the heart of the city,"bobby ""blue"" bland",1974,blues/jazz
822,glass,thompson square,2011,country/folk
823,intro,hieroglyphics,1998,blues/jazz
824,thank god for hometowns,carrie underwood,2012,country/folk
825,before the bullets fly,coco montoya,2017,blues/jazz
826,something more,sugarland,2004,pop/rock
827,"turn, turn, turn! / to everything there is a season",judy collins,1964,pop/rock
828,her,stan getz,1962,blues/jazz
829,positive touch,journey,1986,pop/rock
830,atomic,blondie,1979,pop/rock
831,sweet dream woman,waylon jennings,1972,country/folk
832,million reasons,lady gaga,2016,pop/rock
833,pretend we're dead,l7,1992,pop/rock
834,god bless america,lee greenwood,1992,country/folk
835,champs-elysées,zaz,2014,blues/jazz
836,21 days in jail,magic sam,2001,blues/jazz
837,it's a hard life,queen,1984,pop/rock
838,it takes two (re-recorded),rob base,2010,hip hop/reggae
839,throwing it all away,genesis,1986,pop/rock
840,someone like you,emmylou harris,1984,country/folk
841,should i stay,indigenous,2008,blues/jazz
842,big mama,left lane cruiser,2006,blues/jazz
843,how's my ex treating you,"hank williams, jr.",1981,country/folk
844,summer song,roy orbison,1962,pop/rock
845,heaven knows,when in rome,1988,pop/rock
846,isn't it a pity,galaxie 500,1989,pop/rock
847,(there's gotta be) more to life,stacie orrico,2003,pop/rock
848,on the run,"royce da 5'9""",2009,hip hop/reggae
849,you and i,anarbor,2009,pop/rock
850,tattoos & scars,montgomery gentry,1999,country/folk
851,good to be me (feat. kid rock),uncle kracker,2009,pop/rock
852,still standing,michael franti & spearhead,2016,country/folk
853,it came upon a midnight clear,ella fitzgerald,1967,blues/jazz
854,first things first,"crosby, stills & nash",1980,country/folk
855,caryatid easy,son volt,1997,country/folk
856,searchin,matisyahu,2012,country/folk
857,heart on,eagles of death metal,2008,blues/jazz
858,leading me back to you,joe sample,1989,blues/jazz
859,every time she whispers,michael franks,1999,blues/jazz
860,this ain't no love song,trace adkins,2010,country/folk
861,moon walk,the hippy boys,1969,country/folk
862,fresh feeling,eels,2001,pop/rock
863,i'm through with love,dion & the belmonts,1960,pop/rock
864,massacre,thin lizzy,1976,blues/jazz
865,"the good, the bad and the ugly",blues traveler,1994,blues/jazz
866,fu xi,thee oh sees,2019,blues/jazz
867,after all this time,rodney crowell,1988,country/folk
868,lollipops and roses,jack jones,1995,blues/jazz
869,on your face,konshens,2012,country/folk
870,someone watching over you,the big bopper,1958,pop/rock
871,blood beach,groovie ghoulies,1957,pop/rock
872,my first night alone without you,bonnie raitt,1975,blues/jazz
873,pink maggit,deftones,2000,pop/rock
874,lady evil,black sabbath,1980,pop/rock
875,timber,phish,1988,blues/jazz
876,buon natale (means merry christmas to you),nat king cole,1962,blues/jazz
877,stella by starlight,nat king cole,1956,blues/jazz
878,i want to be with you always,willie nelson,1977,country/folk
879,lonely little mansion,willie nelson,1963,country/folk
880,saturday night,bay city rollers,1974,pop/rock
881,erykah’s gun,dj harrison,2014,blues/jazz
882,good + bad times,inxs,1985,pop/rock
883,soul searching,average white band,1976,blues/jazz
884,winter,khalid,2017,pop/rock
885,to the kill,violent femmes,1983,pop/rock
886,bell bottom blues,derek & the dominos,1970,country/folk
887,if i had you,adam lambert,2009,pop/rock
888,two,ryan adams,2007,country/folk
889,colder weather (feat. little big town),zac brown band,2010,country/folk
890,help,jah shaka,1984,country/folk
891,too much,drake,2013,pop/rock
892,one of these days,john lee hooker,1960,blues/jazz
893,indians,anthrax,1987,pop/rock
894,red like roses,jeff williams,2013,pop/rock
895,somebody to love,justin bieber,2010,pop/rock
896,i wish i didn't love you so,k.d. lang,1988,country/folk
897,amaryllis,shinedown,2012,pop/rock
898,no swallerin' place,june carter cash,1952,country/folk
899,"promises, promises",dionne warwick,1968,pop/rock
900,non dimenticar,connie francis,1959,pop/rock
901,thirteen days,j.j. cale,1979,blues/jazz
902,easy to love,taj mahal,1976,blues/jazz
903,house of memories,panic! at the disco,2016,pop/rock
904,hurt (dedicated to johnny cash),sevendust,2004,pop/rock
905,merry mending,nina simone,1962,blues/jazz
906,tek him,mad cobra,2005,country/folk
907,echo,trapt,2002,pop/rock
908,sing swan song,can,1972,pop/rock
909,in a sentimental mood,sarah vaughan,1980,blues/jazz
910,precious memories,tammy wynette,1964,country/folk
911,the way through,deca,2017,blues/jazz
912,slither,metallica,1997,pop/rock
913,hurting each other,carpenters,1972,pop/rock
914,down on love,foreigner,1984,pop/rock
915,you & me,j-kwon,2004,hip hop/reggae
916,hip hop,damos,2009,hip hop/reggae
917,until it's time for you to go,willie nelson,1984,country/folk
918,hangover heart,hank thompson,1966,country/folk
919,warning,incubus,2001,pop/rock
920,come hell or high water,native construct,2015,blues/jazz
921,if not for love,johnny cash,1971,country/folk
922,when my last song is sung,merle haggard,1977,country/folk
923,breaking skin,nonpoint,2014,pop/rock
924,"winkin, blinkin and nod",jonathan edwards,1987,country/folk
925,yesterday when i was young,roy clark,1996,country/folk
926,walking in l.a.,missing persons,1982,pop/rock
927,for the last time,rory gallagher,1971,blues/jazz
928,here's that rainy day,paul desmond,2002,blues/jazz
929,transdermal celebration,ween,2003,pop/rock
930,blue rain,glenn miller,1991,blues/jazz
931,one in a million,pete rock,1993,blues/jazz
932,smoke gets in your eyes,the platters,1959,pop/rock
933,strap me in,the cars,1987,pop/rock
934,gimme love,kash'd out,2019,country/folk
935,born to lose,don gibson,1961,country/folk
936,the great southern trendkill,pantera,1996,pop/rock
937,bits and pieces,the dave clark five,1964,pop/rock
938,something to hold on to,the jeff healey band,1990,blues/jazz
939,missing you,brandy,1996,pop/rock
940,tropical,chuck loeb,2005,blues/jazz
941,blue moon,elvis presley,1956,pop/rock
942,the general (live),dispatch,2001,country/folk
943,nights on broadway,bee gees,1975,pop/rock
944,landslide,dixie chicks,2002,country/folk
945,whisper my name,randy travis,1994,country/folk
946,hold him joe,ziggy marley,2009,country/folk
947,valse de bamboula,angelo debarre,1989,blues/jazz
948,gotta serve somebody,bob dylan,1979,pop/rock
949,live and give,israel vibration,1981,country/folk
950,a figure walks,the fall,1979,blues/jazz
951,"for a pessimist, i'm pretty optimistic",paramore,2007,pop/rock
952,that day,nonpoint,2012,pop/rock
953,jealous of the angels,donna taggart,2013,country/folk
954,before i believe it's true,randy rogers band,2006,country/folk
955,it's the game,the game,2007,hip hop/reggae
956,pride,soil,2004,pop/rock
957,rocky road,alborosie,2016,country/folk
958,regret,new order,1993,pop/rock
959,dance,super cat,1995,country/folk
960,pledge allegiance to the hag,eric church,2006,country/folk
961,we saw the sea,fred astaire,2010,blues/jazz
962,amazing,aerosmith,1993,pop/rock
963,bring the sun/toussaint l'ouverture,swans,2014,blues/jazz
964,cocaine,jackson browne,1977,pop/rock
965,jody,del shannon,1961,pop/rock
966,angel,amanda perez,2002,pop/rock
967,i can let go now,michael mcdonald,1982,pop/rock
968,diamonds aren't forever,bring me the horizon,2008,pop/rock
969,headhunter,krokus,1983,blues/jazz
970,far away truths,"albert hammond, jr.",2018,blues/jazz
971,captivity,jah shaka,1984,country/folk
972,hip-hop drunkies,tha alkaholiks,2008,hip hop/reggae
973,someone's looking at you,the boomtown rats,1979,pop/rock
974,crowd control,phish,2004,blues/jazz
975,don't you (forget about me),simple minds,1985,pop/rock
976,world so cold,12 stones,2007,pop/rock
977,"anywhere is ""home""",hank locklin,1966,country/folk
978,slippery st. paul,the doobie brothers,1971,country/folk
979,dark ages,jethro tull,1979,blues/jazz
980,white lines,grandmaster melle mel,2008,hip hop/reggae
981,i'm lonely (but i ain't that lonely yet),the white stripes,2005,blues/jazz
982,maagata maagata janm gele,lata mangeshkar,1953,pop/rock
983,i love my shirt,donovan,1969,pop/rock
984,sleigh ride,carpenters,1978,pop/rock
985,just one time,don gibson,1960,country/folk
986,i heard that lonesome whistle,johnny cash,1957,country/folk
987,take me down to the infirmary,cracker,1993,country/folk
988,love takes time,mariah carey,1990,pop/rock
989,zilch,the monkees,1967,pop/rock
990,the passion,billy bragg,1986,country/folk
991,sweat (a la la la la long),inner circle,2010,country/folk
992,courtesy call,thousand foot krutch,2012,pop/rock
993,honky-tonk girl,johnny cash,1960,country/folk
994,into happiness,phantogram,2019,pop/rock
995,violins,lagwagon,1995,pop/rock
996,daydream interlude,mariah carey,1995,pop/rock
997,thrown out of the bar,hank williams iii,2006,country/folk
998,ace of hearts,chris rea,1984,blues/jazz
999,with love (remember),gary moore,1994,blues/jazz
1000,not right,jonny lang,2013,blues/jazz
1001,mama nantucket,michael nesmith,1970,pop/rock
1002,foggy river,conway twitty,1961,country/folk
1003,black,pearl jam,1991,pop/rock
1004,future breed machine,meshuggah,1995,blues/jazz
1005,do it all the time,i dont know how but they found me,2018,pop/rock
1006,chromazone,mike stern,1988,blues/jazz
1007,bad love,eric clapton,1989,blues/jazz
1008,driving home for christmas,chris rea,1988,blues/jazz
1009,die by the sword,slayer,1983,pop/rock
1010,no regrets,phoebe snow,1976,blues/jazz
1011,let's fall in love for the night,finneas,2018,pop/rock
1012,still,bill anderson,1996,country/folk
1013,countdown to extinction,megadeth,1992,pop/rock
1014,i love you so,b.b. king,1958,blues/jazz
1015,pd world tour (feat. puff daddy),black rob,2017,hip hop/reggae
1016,ask any girl,the supremes,1964,pop/rock
1017,semper fi,trace adkins,2011,country/folk
1018,hold on,tom waits,1999,pop/rock
1019,small paradise,john mellencamp,1979,pop/rock
1020,natty dread taking over,culture,1977,country/folk
1021,puttin' on the ritz,gypsy swing revue,2007,blues/jazz
1022,brand new funk 2k7 feat. peedi crakk,dj jazzy jeff,2007,hip hop/reggae
1023,violent love,ted nugent,1980,blues/jazz
1024,angel,casey donahew,2009,country/folk
1025,hole in the wall,mel waiters,1999,blues/jazz
1026,(when your heart's on fire) smoke gets in your eyes,vic damone,1956,blues/jazz
1027,it's you or no one,chet baker,1954,blues/jazz
1028,"tighter, tighter",alive 'n kickin',1970,pop/rock
1029,down came the world,waylon jennings,1966,country/folk
1030,fame and fortune,elvis presley,1963,pop/rock
1031,the wanderer,eden ahbez,1960,pop/rock
1032,somewhere in my broken heart,randy travis,1989,country/folk
1033,she's always singing,the dear hunter,2011,blues/jazz
1034,what did you expect me to do,george strait,1984,country/folk
1035,the big battle,johnny cash,1963,country/folk
1036,hate goes on,jelly roll,2017,country/folk
1037,sweet little mystery,john martyn,1980,pop/rock
1038,paper wings,gillian welch,1996,country/folk
1039,spoonman,soundgarden,1994,pop/rock
1040,on the lips,jd mcpherson,2017,blues/jazz
1041,piece of my heart,sammy hagar,1981,pop/rock
1042,pet politics,silver jews,1996,pop/rock
1043,wasted,pacific dub,2012,country/folk
1044,the honeydripper,cab calloway,1974,blues/jazz
1045,shit bubba,upchurch,2016,country/folk
1046,breakaway,donna summer,1989,pop/rock
1047,stormtroopin',ted nugent,1975,blues/jazz
1048,hood love,"royce da 5'9""",2009,hip hop/reggae
1049,venus as a boy,björk,1993,pop/rock
1050,moments like this,dean martin,1954,blues/jazz
1051,king's vengeance,thin lizzy,1975,blues/jazz
1052,every lie,my darkest days,2010,pop/rock
1053,flute loop,beastie boys,1994,pop/rock
1054,"sick, sick, sick",bayside,2011,pop/rock
1055,take your time,buddy holly,1958,pop/rock
1056,smoke,a thousand horses,2015,country/folk
1057,black money,culture club,1983,pop/rock
1058,all the places,pete rock & c.l. smooth,1994,blues/jazz
1059,dream a little dream of me,ella fitzgerald,1957,blues/jazz
1060,thinkin' about love,small faces,1978,blues/jazz
1061,walk out,ub40,1981,country/folk
1062,rhythm of life,third world,1993,country/folk
1063,(they call you) gigolette,roy orbison,1963,pop/rock
1064,lupine dominus,thee oh sees,2012,blues/jazz
1065,playing the part,jamey johnson,2010,country/folk
1066,in the wee small hours of the morning,stacey kent,2015,blues/jazz
1067,"here, there and everywhere",the beatles,1966,pop/rock
1068,bad news,rosemary clooney,1954,blues/jazz
1069,slip of the tongue,faster pussycat,1989,pop/rock
1070,crying,don mclean,1988,pop/rock
1071,that's why they make jack daniels,ronnie dunn,2016,country/folk
1072,what it is,gorilla zoe,2017,hip hop/reggae
1073,land of confusion,genesis,1986,pop/rock
1074,can't promise you the world,drivin n cryin,1988,country/folk
1075,it's all good,boney james,1997,blues/jazz
1076,fifteen years going up (and one night coming down),george strait,1983,country/folk
1077,simmer down,bob marley & the wailers,1964,country/folk
1078,i'll stay,funkadelic,1974,pop/rock
1079,betcha can't do it like me,d4l,2017,hip hop/reggae
1080,no regrets,tom rush,1962,country/folk
1081,dream girl,kolohe kai,2009,pop/rock
1082,is there any chance,marty robbins,1991,country/folk
1083,from my heart,jah cure,2011,country/folk
1084,wicked young man,alice cooper,2000,blues/jazz
1085,strangelove,depeche mode,1987,pop/rock
1086,under suspicion,delbert mcclinton,1999,blues/jazz
1087,"in the cold, cold night",the white stripes,2003,blues/jazz
1088,this time,bryan adams,1983,pop/rock
1089,hopes & dreams,wiz khalifa,2011,pop/rock
1090,vitamin,incubus,1997,pop/rock
1091,fall into me,emerson drive,2002,country/folk
1092,hard habit to break,chicago,1984,pop/rock
1093,queen of spades,styx,1978,pop/rock
1094,outside the rain,stevie nicks,1981,pop/rock
1095,raise hell,(hed) p.e.,2005,pop/rock
1096,blessed,lewis brice,2018,country/folk
1097,apache tears,johnny cash,1964,country/folk
1098,turnin on the screw,queens of the stone age,2007,blues/jazz
1099,sleeping with the television on,billy joel,1980,pop/rock
1100,it don't mean a thing (if it ain't got that swing),nina simone,1962,blues/jazz
1101,i wouldn't treat a dog (the way you treat me),mike zito,2018,blues/jazz
1102,apartment,young the giant,2011,pop/rock
1103,every song’s a drinkin’ song,midland,2019,country/folk
1104,sweets' blues,jimmy witherspoon,1959,blues/jazz
1105,these arms of mine,otis redding,1964,blues/jazz
1106,pretty girl,atlanta rhythm section,1981,country/folk
1107,i'm livin' for you girl,the grass roots,2004,country/folk
1108,mysterons,portishead,1994,pop/rock
1109,"mama, keep your big mouth shut",the pretty things,1965,country/folk
1110,is this love,whitesnake,1987,blues/jazz
1111,take me as i am,don gibson,1958,country/folk
1112,the wall,johnny cash,1965,country/folk
1113,sharp dressed man,molly hatchet,2008,blues/jazz
1114,come see about me,don covay,1965,blues/jazz
1115,send me the pillow you dream on,willie nelson,1985,country/folk
1116,because he lives (amen),matt maher,2015,pop/rock
1117,"try, try, try",the smashing pumpkins,2000,pop/rock
1118,shoot to thrill,ac/dc,1980,pop/rock
1119,somebody,depeche mode,1985,pop/rock
1120,standing soldier,demarco,2013,country/folk
1121,tommy can you hear me?,the who,1969,pop/rock
1122,sing my songs to me,jackson browne,1973,pop/rock
1123,i can't stay away from you,the impressions,1967,pop/rock
1124,hold tight!,"dave dee, dozy, beaky, mick & tich",1966,pop/rock
1125,may 16,lagwagon,1998,pop/rock
1126,the real revenge (i alithini ekdikisi),terror x crew,2012,hip hop/reggae
1127,dad's gonna kill me,richard thompson,2009,country/folk
1128,ain't you a mess,mose allison,1957,blues/jazz
1129,i feel you,depeche mode,1993,pop/rock
1130,light infatuation,bobby vee,1961,pop/rock
1131,hip hop based freestyle,lil b,2012,hip hop/reggae
1132,smoke gets in your eyes,thelonious monk,1954,blues/jazz
1133,planet of my dreams,frank zappa,1984,blues/jazz
1134,absence makes the heart grow fonder (for somebody else),dean martin,1950,blues/jazz
1135,lickin',the black crowes,2001,blues/jazz
1136,the trumpet,sound nomaden,2011,blues/jazz
1137,(i got the) same old blues,lynyrd skynyrd,1976,country/folk
1138,douggie mayu's,dispatch,2000,country/folk
1139,"five months, two weeks, two days",louis prima,1991,blues/jazz
1140,if you were the only girl (in the world),dean martin,1964,blues/jazz
1141,"are you lonely for me, baby",al green,1971,blues/jazz
1142,distopian dream girl,built to spill,1994,pop/rock
1143,believe,staind,2008,pop/rock
1144,love's silhouette,pieces of a dream,2002,blues/jazz
1145,just for you,can't hang,2009,country/folk
1146,chopsticks,jeff lorber,2001,blues/jazz
1147,somebody help me,the impressions,1964,blues/jazz
1148,last night i dreamt that somebody loved me,the smiths,1987,pop/rock
1149,where is the love,macka b,1992,country/folk
1150,money cannot make the man,waylon jennings,1967,country/folk
1151,blow up your mind,the cramps,1991,blues/jazz
1152,wait till you see him,blossom dearie,1957,blues/jazz
1153,let's do it (let's fall in love),billie holiday,1996,blues/jazz
1154,no panties (feat. tweet),trina,2017,hip hop/reggae
1155,i'm a memory,willie nelson,1978,country/folk
1156,livin' easy (feat. stick figure),kbong,2014,country/folk
1157,indian summer,tommy dorsey,1990,blues/jazz
1158,don't you quit,t-pain,2012,hip hop/reggae
1159,upside down,a*teens,2001,pop/rock
1160,it's all in the game,louis armstrong,1989,blues/jazz
1161,action speaks louder than words,chocolate milk,1975,blues/jazz
1162,ding ding licky licky bong,lucky dube,2003,country/folk
1163,this life,denzel curry,2019,hip hop/reggae
1164,memories are made of this,jim reeves,1963,country/folk
1165,gotta get my hands on some (money),fatback band,1995,blues/jazz
1166,listen to your heart,little river band,1990,country/folk
1167,everytime you touch her,reba mcentire,1988,country/folk
1168,where the party at? (re-recorded) [remastered],jagged edge,2011,hip hop/reggae
1169,poor boy long ways from home,bukka white,1963,blues/jazz
1170,me or the papes,jeru the damaja,2018,hip hop/reggae
1171,gullyachi shapath,asha bhosle,1952,pop/rock
1172,the last of the true believers,nanci griffith,1985,country/folk
1173,don't cry blue,jonathan edwards,1971,country/folk
1174,i can't keep from crying sometimes,ten years after,1967,blues/jazz
1175,reggaemylitis,peter tosh,1988,country/folk
1176,so blue,prince,1978,pop/rock
1177,sugar never tasted so good,the white stripes,1999,blues/jazz
1178,automatically sunshine,the supremes,1972,pop/rock
1179,way down deep,vern gosdin,1983,country/folk
1180,i'm counting on you,elvis presley,1956,pop/rock
1181,lovely hula hands,marty robbins,1963,country/folk
1182,spirits in the material world,the police,1981,pop/rock
1183,hey there lonely girl,shaun cassidy,1977,pop/rock
1184,a reunion,gentle giant,1973,blues/jazz
1185,she's actin' single (i'm drinkin' doubles),wade hayes,1998,country/folk
1186,the quan,foxy brown,2008,hip hop/reggae
1187,hey little girl,dee clark,1961,pop/rock
1188,pretres,gane rimatore,2009,hip hop/reggae
1189,straight from the heart,con funk shun,1993,blues/jazz
1190,the guns of brixton,the clash,1979,pop/rock
1191,well-rested,miranda lambert,2016,country/folk
1192,just right tonight,aretha franklin,1984,blues/jazz
1193,the march,the dear hunter,2016,blues/jazz
1194,you for me,blossom dearie,1957,blues/jazz
1195,hear my heart,dean martin,1961,blues/jazz
1196,monster,the brian jonestown massacre,1996,blues/jazz
1197,burning a hole in my mind,connie smith,1968,country/folk
1198,into the darkness (45 version),"crosby, stills & nash",1982,blues/jazz
1199,i have learned to do without you,mavis staples,1970,pop/rock
1200,of matter,tesseract,2013,blues/jazz
1201,what kind of fool am i,sammy davis jr.,1962,blues/jazz
1202,always & forever,the green,2013,country/folk
1203,black rooster,the kills,2003,blues/jazz
1204,it's oh so quiet,björk,1995,pop/rock
1205,it's the most wonderful time of the year,andy williams,1953,pop/rock
1206,matter of time,ub40,1988,country/folk
1207,top rankin (feat. chronixx),jah sun,2013,country/folk
1208,miracle aligner,the last shadow puppets,2016,pop/rock
1209,brain,the action,2002,blues/jazz
1210,letting you go,tom petty and the heartbreakers,1981,pop/rock
1211,hang on little tomato,pink martini,2006,blues/jazz
1212,no matter what you do,love,1966,country/folk
1213,break the needle (spase ti velona),apogonoi tou omirou,2012,hip hop/reggae
1214,staying up,the neighbourhood,2013,pop/rock
1215,how sweet it is,karen dalton,1971,pop/rock
1216,it only hurts for a little while,don gibson,1960,country/folk
1217,here comes my baby,dean martin,1965,blues/jazz
1218,stupid girl,garbage,2007,pop/rock
1219,she's gone,daryl hall & john oates,1973,pop/rock
1220,we in here (feat. swizz beatz),dmx,2019,hip hop/reggae
1221,i'll take romance,june christy,1955,blues/jazz
1222,thief in my bedroom,david allan coe,1984,country/folk
1223,choo choo ch'boogie,asleep at the wheel,1974,country/folk
1224,your love can't be right,pat travers,1980,blues/jazz
1225,race you down the mountain,woody guthrie,1958,blues/jazz
1226,garden party,ricky nelson,1972,pop/rock
1227,the price,twisted sister,1984,pop/rock
1228,silence is the way,miles davis,2016,blues/jazz
1229,i'm gettin' stoned,eric church,2011,country/folk
1230,wearing the inside out,pink floyd,1994,pop/rock
1231,easy living,miranda lambert,2011,country/folk
1232,tomorrow never comes,zac brown band,2015,country/folk
1233,home is where the heart is,lady antebellum,2008,country/folk
1234,the sky is crying,eric clapton,1975,blues/jazz
1235,mama nature,pato banton,2000,country/folk
1236,late bar,duran duran,1981,pop/rock
1237,good enough,bonnie raitt,1975,blues/jazz
1238,don't cry no more,b.b. king,1974,blues/jazz
1239,do it myself,russ,2017,pop/rock
1240,hosanna (feat. avion blackman & jennifer howland),christafari,2012,country/folk
1241,trueschool,prop dylan,2010,hip hop/reggae
1242,woman to woman,joe cocker,1972,blues/jazz
1243,sleeping by her side,john mayall,1969,blues/jazz
1244,the wild side of life,hank locklin,1965,country/folk
1245,birthday gal,the replacements,1987,country/folk
1246,steady as the rain,dolly parton,1999,country/folk
1247,fantastic voyage,coolio,1994,pop/rock
1248,now that i found you,terri clark,1998,country/folk
1249,no diggity,blackstreet,2011,hip hop/reggae
1250,a-11,daryle singletary,2002,country/folk
1251,"cold, cold heart",aretha franklin,1964,blues/jazz
1252,my starter won't start this morning,lightnin' hopkins,1993,blues/jazz
1253,for all we know,wynton marsalis,1984,blues/jazz
1254,shanty town (007),musical youth,1994,country/folk
1255,only in my dreams,debbie gibson,1987,pop/rock
1256,claire's song,yellowjackets,1983,blues/jazz
1257,snow,rosemary clooney,1954,blues/jazz
1258,killing the blues,chris smither,2000,country/folk
1259,my name (wearing me out),shinedown,2012,pop/rock
1260,"baby, baby, everynight",etta james,1987,blues/jazz
1261,i.s.s.u.e.s.,katastro,2018,country/folk
1262,walk away,black sabbath,1980,pop/rock
1263,caroline,status quo,2005,blues/jazz
1264,demon cleaner,kyuss,1994,pop/rock
1265,one by one,stéphane pompougnac,2011,blues/jazz
1266,heat wave,the who,1966,pop/rock
1267,i'm wanted,cocoa tea,1992,country/folk
1268,wash me in the water,jamie n commons,2013,blues/jazz
1269,it's only make believe,glen campbell,1970,pop/rock
1270,feels so right,alabama,1980,country/folk
1271,stand!,sly & the family stone,1969,pop/rock
1272,someday my prince will come,bill evans,1960,blues/jazz
1273,beetlebum,blur,1997,pop/rock
1274,i will always love you (in my own crazy way),johnny cash,1986,country/folk
1275,if i could make a living,clay walker,1994,country/folk
1276,hey love,shaggy,2000,country/folk
1277,beer barrel polka ( roll out the barrel ),the andrews sisters,1987,blues/jazz
1278,spain,chick corea,1973,blues/jazz
1279,96 tears,? & the mysterians,1964,pop/rock
1280,leaving is the only way out,shania twain,1995,country/folk
1281,life on a rock,kenny chesney,2013,country/folk
1282,river,roberta flack,1973,blues/jazz
1283,mercy walked in,gordon mote,2008,country/folk
1284,boom boom mancini,warren zevon,1987,country/folk
1285,fast as you,dwight yoakam,1993,country/folk
1286,whole lot of shakin' in my heart (since i met you),smokey robinson & the miracles,1966,pop/rock
1287,punishment,biohazard,1992,pop/rock
1288,i'm to blame,mickey gilley,1967,country/folk
1289,pretty paper,willie nelson,1979,country/folk
1290,do the damn thing,killah priest,2011,hip hop/reggae
1291,sweeter memories,todd rundgren,1972,pop/rock
1292,outcast at last,sticky fingers,2016,country/folk
1293,my first love,avant,2000,pop/rock
1294,get out of town,ella fitzgerald,1956,blues/jazz
1295,no good,b.b. king,1969,blues/jazz
1296,the wicked messenger,the black keys,2007,blues/jazz
1297,how did you love,shinedown,2015,pop/rock
1298,the fool,b.b. king,1958,blues/jazz
1299,believe in me,dan fogelberg,1984,country/folk
1300,life turned her that way,charley pride,1967,country/folk
1301,save up all your tears,cher,1991,pop/rock
1302,from the bottom of my broken heart,britney spears,1999,pop/rock
1303,put a light on,generationals,2013,pop/rock
1304,i'm alive,beres hammond,2018,country/folk
1305,pieces of what,mgmt,2007,pop/rock
1306,romancing the stone,eddy grant,2008,country/folk
1307,don't take your love from me,catherine russell,2016,blues/jazz
1308,no love songs,chris cagle,2008,country/folk
1309,autumn sweater,yo la tengo,1997,pop/rock
1310,speaking in tongues,eagles of death metal,2004,blues/jazz
1311,blasphemy (selah),steel pulse,1979,country/folk
1312,scars,i am they,2018,pop/rock
1313,pass it on,the wailers,1973,country/folk
1314,untold stories,kathy mattea,1987,country/folk
1315,when you come back down,nickel creek,2000,pop/rock
1316,fool's castle,merle haggard,1968,country/folk
1317,i have to surrender,ty herndon,1996,country/folk
1318,almost persuaded,marty robbins,1963,country/folk
1319,up tight's creek,tina brooks,1960,blues/jazz
1320,is yours is mine,gene clark,1967,country/folk
1321,whisper to a scream (birds fly),the icicle works,2006,pop/rock
1322,i'll never grow tired of you,patty loveless,1988,country/folk
1323,venom soup,ted nugent,1978,blues/jazz
1324,don't you believe her,ray price,1966,country/folk
1325,calling dr. love,kiss,1976,pop/rock
1326,it is love,hank locklin,1966,country/folk
1327,lost in love,new edition,1984,pop/rock
1328,the national anthem,radiohead,2000,pop/rock
1329,comfortable liar,chevelle,2002,pop/rock
1330,lost keys (blame hofman),tool,2006,pop/rock
1331,swanee,judy garland,1954,blues/jazz
1332,workin' with the truth,herb ellis,1960,blues/jazz
1333,thanks to you,nat king cole,1992,blues/jazz
1334,20 years,bad suns,2013,pop/rock
1335,helplessly hoping,"crosby, stills, nash & young",1974,blues/jazz
1336,autopsy,fairport convention,1969,pop/rock
1337,i think i'm gonna kill myself,waylon jennings,1977,country/folk
1338,rockin' in the free world,krokus,2017,blues/jazz
1339,remember me (feat. steve augeri),journey,1998,pop/rock
1340,these are the days of our lives,queen,1991,pop/rock
1341,forever,drake,2009,pop/rock
1342,nobody's watching,jazz cartier,2017,hip hop/reggae
1343,summer days,a r i z o n a,2018,pop/rock
1344,get outta my car,hasil adkins,2007,blues/jazz
1345,love will find a way,pablo cruise,1978,pop/rock
1346,the angel of death,hank williams,1956,country/folk
1347,i was made for dancin',leif garrett,1998,pop/rock
1348,cruising for bruising,basia,1986,blues/jazz
1349,about today,the national,2004,pop/rock
1350,bottle let me down,emmylou harris,1975,pop/rock
1351,return to me,marty robbins,1957,country/folk
1352,on your feet,the movement,2004,country/folk
1353,rude boy hip hop (feat. raheem devaughn),styles p,2014,hip hop/reggae
1354,special k,placebo,2000,pop/rock
1355,high school musical,high school musical cast,2008,pop/rock
1356,this year's kisses,nina simone,1966,blues/jazz
1357,good things,the menzingers,2012,pop/rock
1358,on the verge,nahko and medicine for the people,2013,country/folk
1359,donald trump,upchurch,2016,country/folk
1360,"baby, won't you please come home",les paul,1955,pop/rock
1361,i am machine,three days grace,2015,pop/rock
1362,no capitalist,kabaka pyramid,2013,country/folk
1363,no time,cody jinks,2010,country/folk
1364,in the hills of shiloh,bobby bare,1973,country/folk
1365,cry to me,bob marley & the wailers,1976,country/folk
1366,noto swing,angelo debarre,1999,blues/jazz
1367,sporting life,brownie mcghee,1955,country/folk
1368,puro,freeman,2010,hip hop/reggae
1369,eat you alive,limp bizkit,2003,pop/rock
1370,all outta angst,nofx,1997,pop/rock
1371,genesis,devin townsend,2019,blues/jazz
1372,lullaby in ragtime,harry nilsson,1973,pop/rock
1373,bela lugosi’s dead,bauhaus,1986,pop/rock
1374,"blue morning, blue day",foreigner,1978,pop/rock
1375,i miss you,blink-182,2003,pop/rock
1376,ecstasy,wax tailor,2017,blues/jazz
1377,true believers,the bouncing souls,2001,pop/rock
1378,if you gotta make a fool of somebody,aretha franklin,1969,blues/jazz
1379,solitaire,nina simone,1959,blues/jazz
1380,your eyes were open,ub40,1984,country/folk
1381,till there was you,ray charles,2013,blues/jazz
1382,statue of liberty,little river band,1975,pop/rock
1383,louisiana gold,anders osborne,2012,blues/jazz
1384,cowboy songs,chris ledoux,1986,country/folk
1385,there goes a man,willie nelson,1967,country/folk
1386,turn around,iration,2010,country/folk
1387,young girl sunday blues,jefferson airplane,1967,blues/jazz
1388,gettin' jiggy wit it,will smith,2019,hip hop/reggae
1389,i slept with someone in fall out boy and all i got was this stupid song written about me,fall out boy,2005,pop/rock
1390,tonight,andy williams,1962,pop/rock
1391,lost weekend,lloyd cole and the commotions,1985,pop/rock
1392,love is for all time,the animals,1983,blues/jazz
1393,blue money,van morrison,1970,pop/rock
1394,united together,aretha franklin,1980,blues/jazz
1395,simple,phish,1994,blues/jazz
1396,talisman,the guess who,2000,blues/jazz
1397,day by day,the 5th dimension,1973,pop/rock
1398,my romance,dave brubeck,1955,blues/jazz
1399,beautiful love (take 1),bill evans trio,1961,blues/jazz
1400,donna the prima donna,dion,1962,pop/rock
1401,changing,the airborne toxic event,2011,pop/rock
1402,cassie,flyleaf,2006,pop/rock
1403,prequel to the sequel,between the buried and me,2007,blues/jazz
1404,bow tie daddy,frank zappa,1968,blues/jazz
1405,it ain't hard to tell,nas,1994,pop/rock
1406,blue canadian rockies,the byrds,1968,pop/rock
1407,reminder,mumford & sons,2012,pop/rock
1408,it's alright,slim smith,1972,country/folk
1409,stronger now in broken places,joe bonamassa,2018,blues/jazz
1410,rose of cimarron,emmylou harris,1981,country/folk
1411,livin' the dream,uncle kracker,2009,country/folk
1412,what's my name?,rihanna,2010,pop/rock
1413,up,desiigner,2017,hip hop/reggae
1414,devil doll,roy orbison,1961,pop/rock
1415,the tables are turnin',einstein,1990,hip hop/reggae
1416,i'll still be loving you,restless heart,1998,country/folk
1417,i'll see him through,tammy wynette,1964,country/folk
1418,na na na,third world,2019,country/folk
1419,community property,steel panther,2009,pop/rock
1420,breakaway,nick lowe,1984,country/folk
1421,he doesn't know i'm alive,janet jackson,1986,pop/rock
1422,hold it down,the california honeydrops,2018,blues/jazz
1423,room of the faded moon,current swell,2005,country/folk
1424,of thee i sing,ella fitzgerald,1959,blues/jazz
1425,leave him out of this,steve wariner,1991,country/folk
1426,i made it,corleone,2014,hip hop/reggae
1427,where are you now,mumford & sons,2012,pop/rock
1428,love me for what i am,carpenters,1975,pop/rock
1429,no more cane on the brazo,odetta,1954,blues/jazz
1430,fake id (feat. gretchen wilson),big & rich,2011,country/folk
1431,no problem,lil scrappy,2009,pop/rock
1432,bitch came back,theory of a deadman,2011,pop/rock
1433,long way from home,the vaughan brothers,1990,blues/jazz
1434,no fear no sorrow,midnite,2002,country/folk
1435,damn u,prince,1992,pop/rock
1436,megalomaniac,kmfdm,1997,pop/rock
1437,dream small,josh wilson,2018,pop/rock
1438,dear mother,jimmy cliff,1976,country/folk
1439,dust to dust,misfits,1999,pop/rock
1440,stay away,nirvana,1991,pop/rock
1441,evil ways,black mountain,2008,blues/jazz
1442,aggressive perfector,slayer,1986,pop/rock
1443,i wish it had been a dream,don gibson,1959,country/folk
1444,superunknown,soundgarden,1994,pop/rock
1445,(ghost) riders in the sky,the ventures,1961,pop/rock
1446,what time is it,zac efron,2007,pop/rock
1447,invisible,dio,1983,pop/rock
1448,eleanor rigby,the beatles,1966,pop/rock
1449,wallpaper roses,dean martin,1967,blues/jazz
1450,when your world was turning for me,randy travis,1989,country/folk
1451,if you ever have forever,ub40,2013,country/folk
1452,let the music play,the drifters,1964,pop/rock
1453,feelin' alright,joe cocker,1969,blues/jazz
1454,unfamiliar,passafire,2007,country/folk
1455,tears don't care who cries them,k.d. lang,1988,country/folk
1456,first love song,luke bryan,2007,country/folk
1457,drag you down,finger eleven,2000,pop/rock
1458,texas heartache,juice newton,1981,country/folk
1459,here come the bastards,primus,1991,pop/rock
1460,big john (ain't you gonna marry me),the shirelles,1962,pop/rock
1461,i don’t wanna die,hollywood undead,2011,pop/rock
1462,puppet on a string,elvis presley,1965,pop/rock
1463,magical mystery tour,the beatles,1967,pop/rock
1464,everybody know me,boyz n da hood,2017,hip hop/reggae
1465,drinkin',cold creek county,2019,country/folk
1466,"ciao, ciao, bambina",jerry vale,1956,pop/rock
1467,brand name,mac miller,2015,pop/rock
1468,state of the world,janet jackson,1989,pop/rock
1469,love is all is alright,ub40,1982,country/folk
1470,wildflowers,dolly parton,1987,country/folk
1471,black magic,slayer,1983,pop/rock
1472,better off dead,death from above 1979,2005,blues/jazz
1473,fallen soldiers,demarco,2008,country/folk
1474,just can't go to sleep,the kinks,1964,pop/rock
1475,the future,michael franti & spearhead,2008,country/folk
1476,kool aid and frozen pizza,mac miller,2010,pop/rock
1477,the night before,the beatles,1965,pop/rock
1478,alone,trampled by turtles,2012,pop/rock
1479,whenever you need somebody,rick astley,1987,pop/rock
1480,nightshift (red wine and cigs),drwn.,2018,blues/jazz
1481,all of me,louis armstrong,1955,blues/jazz
1482,every little step,bobby brown,1988,pop/rock
1483,narcolepsy,third eye blind,1997,pop/rock
1484,stretch out,sister rosetta tharpe,1962,blues/jazz
1485,hit the ground,lizz wright,2005,blues/jazz
1486,have you heard,the duprees,1996,blues/jazz
1487,music i heard,bill frisell,1985,blues/jazz
1488,at the scene,the dave clark five,1964,pop/rock
1489,i'm a king bee,slim harpo,1997,blues/jazz
1490,bluebird,bonnie raitt,1971,pop/rock
1491,hook of crook,alex chilton,2005,blues/jazz
1492,master sold my baby,black joe lewis & the honeybears,2009,blues/jazz
1493,southern man,"crosby, stills, nash & young",1971,blues/jazz
1494,other side (live),dispatch,1996,country/folk
1495,blue skies,susie arioli,2008,blues/jazz
1496,can't help falling in love,bob dylan,1973,pop/rock
1497,exactly like you,erroll garner,1955,blues/jazz
1498,holland,the black angels,2013,blues/jazz
1499,boulevard of broken dreams,green day,2017,pop/rock
