,common_entity,entity3,entity2,entity1,entity4
0,Avatar,2009.0,James Cameron,CCH Pounder,1954
1,Pirates of the Caribbean: At World's End,2007.0,Gore Verbinski,Johnny Depp,1964
2,Spectre,2015.0,Sam Mendes,Christoph Waltz,1965
3,The Dark Knight Rises,2012.0,Christopher Nolan,Tom Hardy,1970
4,John Carter,2012.0,Andrew Stanton,Daryl Sabara,1965
5,Spider-Man 3,2007.0,Sam Raimi,J.K. Simmons,1959
6,Tangled,2010.0,Nathan Greno,Brad Garrett,1975
7,Avengers: Age of Ultron,2015.0,Joss Whedon,Chris Hemsworth,1964
8,Harry Potter and the Half-Blood Prince,2009.0,David Yates,Alan Rickman,1963
9,Batman v Superman: Dawn of Justice,2016.0,Zack Snyder,Henry Cavill,1966
10,Superman Returns,2006.0,Bryan Singer,Kevin Spacey,1965
11,Quantum of Solace,2008.0,Marc Forster,Giancarlo Giannini,1969
12,Pirates of the Caribbean: Dead Man's Chest,2006.0,Gore Verbinski,Johnny Depp,1964
13,The Lone Ranger,2013.0,Gore Verbinski,Johnny Depp,1964
14,Man of Steel,2013.0,Zack Snyder,Henry Cavill,1966
15,The Chronicles of Narnia: Prince Caspian,2008.0,Andrew Adamson,Peter Dinklage,1966
16,The Avengers,2012.0,Joss Whedon,Chris Hemsworth,1964
17,Pirates of the Caribbean: On Stranger Tides,2011.0,Rob Marshall,Johnny Depp,1960
18,Men in Black 3,2012.0,Barry Sonnenfeld,Will Smith,1953
19,The Hobbit: The Battle of the Five Armies,2014.0,Peter Jackson,Aidan Turner,1961
21,Robin Hood,2010.0,Ridley Scott,Mark Addy,1937
22,The Hobbit: The Desolation of Smaug,2013.0,Peter Jackson,Aidan Turner,1961
23,The Golden Compass,2007.0,Chris Weitz,Christopher Lee,1969
24,King Kong,2005.0,Peter Jackson,Naomi Watts,1961
25,Titanic,1997.0,James Cameron,Leonardo DiCaprio,1954
27,Battleship,2012.0,Peter Berg,Liam Neeson,1964
28,Jurassic World,2015.0,Colin Trevorrow,Bryce Dallas Howard,1976
29,Skyfall,2012.0,Sam Mendes,Albert Finney,1965
30,Spider-Man 2,2004.0,Sam Raimi,J.K. Simmons,1959
31,Iron Man 3,2013.0,Shane Black,Robert Downey Jr.,1961
32,Alice in Wonderland,2010.0,Tim Burton,Johnny Depp,1958
33,X-Men: The Last Stand,2006.0,Brett Ratner,Hugh Jackman,1969
34,Monsters University,2013.0,Dan Scanlon,Steve Buscemi,1976
35,Transformers: Revenge of the Fallen,2009.0,Michael Bay,Glenn Morshower,1965
36,Transformers: Age of Extinction,2014.0,Michael Bay,Bingbing Li,1965
37,Oz the Great and Powerful,2013.0,Sam Raimi,Tim Holmes,1959
39,TRON: Legacy,2010.0,Joseph Kosinski,Jeff Bridges,1974
40,Cars 2,2011.0,John Lasseter,Joe Mantegna,1957
41,Green Lantern,2011.0,Martin Campbell,Ryan Reynolds,1943
42,Toy Story 3,2010.0,Lee Unkrich,Tom Hanks,1967
43,Terminator Salvation,2009.0,McG,Christian Bale,1968
44,Furious 7,2015.0,James Wan,Jason Statham,1977
45,World War Z,2013.0,Marc Forster,Peter Capaldi,1969
46,X-Men: Days of Future Past,2014.0,Bryan Singer,Jennifer Lawrence,1965
47,Star Trek Into Darkness,2013.0,J.J. Abrams,Benedict Cumberbatch,1966
48,Jack the Giant Slayer,2013.0,Bryan Singer,Eddie Marsan,1965
49,The Great Gatsby,2013.0,Baz Luhrmann,Leonardo DiCaprio,1962
51,Pacific Rim,2013.0,Guillermo del Toro,Charlie Hunnam,1964
52,Transformers: Dark of the Moon,2011.0,Michael Bay,Glenn Morshower,1965
53,Indiana Jones and the Kingdom of the Crystal Skull,2008.0,Steven Spielberg,Harrison Ford,1946
54,The Good Dinosaur,2015.0,Peter Sohn,A.J. Buckley,1977
56,Star Trek Beyond,2016.0,Justin Lin,Sofia Boutella,1971
57,WALL·E,2008.0,Andrew Stanton,John Ratzenberger,1965
58,Rush Hour 3,2007.0,Brett Ratner,Tzi Ma,1969
59,2012,2009.0,Roland Emmerich,Oliver Platt,1955
60,A Christmas Carol,2009.0,Robert Zemeckis,Robin Wright,1952
61,Jupiter Ascending,2015.0,Lana Wachowski,Channing Tatum,1965
62,The Legend of Tarzan,2016.0,David Yates,Christoph Waltz,1963
63,"The Chronicles of Narnia: The Lion, the Witch and the Wardrobe",2005.0,Andrew Adamson,Jim Broadbent,1966
64,X-Men: Apocalypse,2016.0,Bryan Singer,Jennifer Lawrence,1965
65,The Dark Knight,2008.0,Christopher Nolan,Christian Bale,1970
66,Up,2009.0,Pete Docter,John Ratzenberger,1968
67,Monsters vs. Aliens,2009.0,Rob Letterman,Amy Poehler,1970
68,Iron Man,2008.0,Jon Favreau,Robert Downey Jr.,1966
69,Hugo,2011.0,Martin Scorsese,Chloë Grace Moretz,1942
70,Wild Wild West,1999.0,Barry Sonnenfeld,Will Smith,1953
71,The Mummy: Tomb of the Dragon Emperor,2008.0,Rob Cohen,Jet Li,1949
72,Suicide Squad,2016.0,David Ayer,Will Smith,1968
73,Evan Almighty,2007.0,Tom Shadyac,Jimmy Bennett,1958
74,Edge of Tomorrow,2014.0,Doug Liman,Tom Cruise,1965
76,G.I. Joe: The Rise of Cobra,2009.0,Stephen Sommers,Joseph Gordon-Levitt,1962
77,Inside Out,2015.0,Pete Docter,Amy Poehler,1968
78,The Jungle Book,2016.0,Jon Favreau,Scarlett Johansson,1966
79,Iron Man 2,2010.0,Jon Favreau,Robert Downey Jr.,1966
80,Snow White and the Huntsman,2012.0,Rupert Sanders,Chris Hemsworth,1971
82,Dawn of the Planet of the Apes,2014.0,Matt Reeves,Gary Oldman,1966
83,The Lovers,2015.0,Roland Joffé,Tamsin Egerton,1945
87,Tomorrowland,2015.0,Brad Bird,Judy Greer,1957
89,Wreck-It Ralph,2012.0,Rich Moore,Jack McBrayer,1963
90,The Polar Express,2004.0,Robert Zemeckis,Tom Hanks,1952
91,Independence Day: Resurgence,2016.0,Roland Emmerich,Vivica A. Fox,1955
92,How to Train Your Dragon,2010.0,Dean DeBlois,Gerard Butler,1970
93,Terminator 3: Rise of the Machines,2003.0,Jonathan Mostow,Nick Stahl,1961
94,Guardians of the Galaxy,2014.0,James Gunn,Bradley Cooper,1966
95,Interstellar,2014.0,Christopher Nolan,Matthew McConaughey,1970
96,Inception,2010.0,Christopher Nolan,Leonardo DiCaprio,1970
97,Godzilla Resurgence,2016.0,Hideaki Anno,Mark Chinnery,1960
98,The Hobbit: An Unexpected Journey,2012.0,Peter Jackson,Aidan Turner,1961
99,The Fast and the Furious,2001.0,Rob Cohen,Paul Walker,1949
100,The Curious Case of Benjamin Button,2008.0,David Fincher,Brad Pitt,1962
101,X-Men: First Class,2011.0,Matthew Vaughn,Jennifer Lawrence,1971
102,The Hunger Games: Mockingjay - Part 2,2015.0,Francis Lawrence,Jennifer Lawrence,1971
103,The Sorcerer's Apprentice,2010.0,Jon Turteltaub,Nicolas Cage,1963
104,Poseidon,2006.0,Wolfgang Petersen,Jimmy Bennett,1941
107,Warcraft,2016.0,Duncan Jones,Dominic Cooper,1971
109,The Chronicles of Narnia: The Voyage of the Dawn Treader,2010.0,Michael Apted,Bruce Spence,1941
110,Pearl Harbor,2001.0,Michael Bay,Jennifer Garner,1965
111,Transformers,2007.0,Michael Bay,Zack Ward,1965
112,Alexander,2004.0,Oliver Stone,Anthony Hopkins,1946
113,Harry Potter and the Order of the Phoenix,2007.0,David Yates,Robert Pattinson,1963
115,Hancock,2008.0,Peter Berg,Will Smith,1964
116,I Am Legend,2007.0,Francis Lawrence,Will Smith,1971
117,Charlie and the Chocolate Factory,2005.0,Tim Burton,Johnny Depp,1958
118,Ratatouille,2007.0,Brad Bird,Janeane Garofalo,1957
119,Batman Begins,2005.0,Christopher Nolan,Christian Bale,1970
120,Madagascar: Escape 2 Africa,2008.0,Eric Darnell,Bernie Mac,1961
121,Night at the Museum: Battle of the Smithsonian,2009.0,Shawn Levy,Robin Williams,1968
122,X-Men Origins: Wolverine,2009.0,Gavin Hood,Hugh Jackman,1963
123,The Matrix Revolutions,2003.0,Lana Wachowski,Essie Davis,1965
124,Frozen,2013.0,Chris Buck,Josh Gad,1958
125,The Matrix Reloaded,2003.0,Lana Wachowski,Steve Bastoni,1965
128,Angels & Demons,2009.0,Ron Howard,Tom Hanks,1954
129,Thor,2011.0,Kenneth Branagh,Chris Hemsworth,1960
130,Bolt,2008.0,Byron Howard,Chloë Grace Moretz,1968
131,G-Force,2009.0,Hoyt Yeatman,Kelli Garner,1955
132,Wrath of the Titans,2012.0,Jonathan Liebesman,Liam Neeson,1976
133,Dark Shadows,2012.0,Tim Burton,Johnny Depp,1958
134,Mission: Impossible - Rogue Nation,2015.0,Christopher McQuarrie,Tom Cruise,1968
136,The Legend of Tarzan,2016.0,David Yates,Christoph Waltz,1963
138,Kung Fu Panda 2,2011.0,Jennifer Yuh Nelson,Angelina Jolie Pitt,1972
139,The Last Airbender,2010.0,M. Night Shyamalan,Seychelle Gabriel,1970
140,Mission: Impossible III,2006.0,J.J. Abrams,Philip Seymour Hoffman,1966
141,White House Down,2013.0,Roland Emmerich,Channing Tatum,1955
144,Pan,2015.0,Joe Wright,Hugh Jackman,1972
145,Mr. Peabody & Sherman,2014.0,Rob Minkoff,Ty Burrell,1962
146,Troy,2004.0,Wolfgang Petersen,Brad Pitt,1941
147,Madagascar 3: Europe's Most Wanted,2012.0,Eric Darnell,Jada Pinkett Smith,1961
149,Ghostbusters,2016.0,Paul Feig,Ed Begley Jr.,1962
150,Armageddon,1998.0,Michael Bay,Bruce Willis,1965
151,Men in Black II,2002.0,Barry Sonnenfeld,Will Smith,1953
152,Beowulf,2007.0,Robert Zemeckis,Robin Wright,1952
154,Mission: Impossible - Ghost Protocol,2011.0,Brad Bird,Tom Cruise,1957
155,Rise of the Guardians,2012.0,Peter Ramsey,Hugh Jackman,1962
156,Fun with Dick and Jane,2005.0,Dean Parisot,John Michael Higgins,1952
157,The Last Samurai,2003.0,Edward Zwick,Tom Cruise,1952
158,Exodus: Gods and Kings,2014.0,Ridley Scott,Christian Bale,1937
159,Star Trek,2009.0,J.J. Abrams,Chris Hemsworth,1966
160,Spider-Man,2002.0,Sam Raimi,J.K. Simmons,1959
161,How to Train Your Dragon 2,2014.0,Dean DeBlois,Gerard Butler,1970
162,Gods of Egypt,2016.0,Alex Proyas,Gerard Butler,1963
163,Stealth,2005.0,Rob Cohen,Sam Shepard,1949
164,Watchmen,2009.0,Zack Snyder,Matt Frewer,1966
165,Lethal Weapon 4,1998.0,Richard Donner,Jet Li,1930
166,Hulk,2003.0,Ang Lee,Kevin Rankin,1954
167,G.I. Joe: Retaliation,2013.0,Jon M. Chu,Channing Tatum,1979
168,Sahara,2005.0,Breck Eisner,Matthew McConaughey,1970
169,Final Fantasy: The Spirits Within,2001.0,Hironobu Sakaguchi,Steve Buscemi,1962
171,The World Is Not Enough,1999.0,Michael Apted,Colin Salmon,1941
172,Master and Commander: The Far Side of the World,2003.0,Peter Weir,James D'Arcy,1944
173,The Twilight Saga: Breaking Dawn - Part 2,2012.0,Bill Condon,Robert Pattinson,1955
175,The Incredible Hulk,2008.0,Louis Leterrier,Ty Burrell,1973
176,The BFG,2016.0,Steven Spielberg,Mark Rylance,1946
177,The Revenant,2015.0,Alejandro G. Iñárritu,Leonardo DiCaprio,1963
179,Rango,2011.0,Gore Verbinski,Johnny Depp,1964
180,Penguins of Madagascar,2014.0,Eric Darnell,Benedict Cumberbatch,1961
181,The Bourne Ultimatum,2007.0,Paul Greengrass,Matt Damon,1955
183,Ant-Man,2015.0,Peyton Reed,Judy Greer,1964
184,The Hunger Games: Catching Fire,2013.0,Francis Lawrence,Jennifer Lawrence,1971
185,The Twilight Saga: Breaking Dawn - Part 2,2012.0,Bill Condon,Robert Pattinson,1955
187,War of the Worlds,2005.0,Steven Spielberg,Tom Cruise,1946
188,Bad Boys II,2003.0,Michael Bay,Will Smith,1965
190,Salt,2010.0,Phillip Noyce,Angelina Jolie Pitt,1950
191,Noah,2014.0,Darren Aronofsky,Anthony Hopkins,1969
192,The Adventures of Tintin,2011.0,Steven Spielberg,Toby Jones,1946
193,Harry Potter and the Prisoner of Azkaban,2004.0,Alfonso Cuarón,Daniel Radcliffe,1961
194,Australia,2008.0,Baz Luhrmann,Essie Davis,1962
195,After Earth,2013.0,M. Night Shyamalan,Will Smith,1970
198,Night at the Museum: Secret of the Tomb,2014.0,Shawn Levy,Robin Williams,1968
201,R.I.P.D.,2013.0,Robert Schwentke,Ryan Reynolds,1968
202,Godzilla Resurgence,2016.0,Hideaki Anno,Mark Chinnery,1960
203,Pirates of the Caribbean: The Curse of the Black Pearl,2003.0,Gore Verbinski,Johnny Depp,1964
205,The Hunger Games: Mockingjay - Part 1,2014.0,Francis Lawrence,Jennifer Lawrence,1971
206,The Da Vinci Code,2006.0,Ron Howard,Tom Hanks,1954
207,Rio 2,2014.0,Carlos Saldanha,Miguel Ferrer,1965
208,X-Men 2,2003.0,Bryan Singer,Hugh Jackman,1965
209,Fast Five,2011.0,Justin Lin,Paul Walker,1971
210,Sherlock Holmes: A Game of Shadows,2011.0,Guy Ritchie,Robert Downey Jr.,1968
211,Clash of the Titans,2010.0,Louis Leterrier,Liam Neeson,1973
212,Total Recall,1990.0,Paul Verhoeven,Ronny Cox,1938
213,The 13th Warrior,1999.0,John McTiernan,Tony Curran,1951
214,The Bourne Legacy,2012.0,Tony Gilroy,Jeremy Renner,1956
215,Batman & Robin,1997.0,Joel Schumacher,Michael Gough,1939
216,How the Grinch Stole Christmas,2000.0,Ron Howard,Clint Howard,1954
217,The Day After Tomorrow,2004.0,Roland Emmerich,Jake Gyllenhaal,1955
218,Mission: Impossible II,2000.0,John Woo,Tom Cruise,1946
219,The Perfect Storm,2000.0,Wolfgang Petersen,Karen Allen,1941
221,Life of Pi,2012.0,Ang Lee,Suraj Sharma,1954
222,Ghost Rider,2007.0,Mark Steven Johnson,Nicolas Cage,1964
223,Jason Bourne,2016.0,Paul Greengrass,Matt Damon,1955
224,Charlie's Angels: Full Throttle,2003.0,McG,Demi Moore,1968
225,Prometheus,2012.0,Ridley Scott,Michael Fassbender,1937
226,Stuart Little 2,2002.0,Rob Minkoff,Nathan Lane,1962
227,Elysium,2013.0,Neill Blomkamp,Matt Damon,1979
228,The Chronicles of Riddick,2004.0,David Twohy,Vin Diesel,1955
229,RoboCop,2014.0,José Padilha,Gary Oldman,1967
230,Speed Racer,2008.0,Lana Wachowski,Scott Porter,1965
231,How Do You Know,2010.0,James L. Brooks,Shelley Conn,1940
232,Knight and Day,2010.0,James Mangold,Tom Cruise,1963
233,Oblivion,2013.0,Joseph Kosinski,Morgan Freeman,1974
234,Star Wars: Episode III - Revenge of the Sith,2005.0,George Lucas,Natalie Portman,1944
235,Star Wars: Episode II - Attack of the Clones,2002.0,George Lucas,Natalie Portman,1944
236,"Monsters, Inc.",2001.0,Pete Docter,Steve Buscemi,1968
237,The Wolverine,2013.0,James Mangold,Hugh Jackman,1963
238,Star Wars: Episode I - The Phantom Menace,1999.0,George Lucas,Natalie Portman,1944
239,The Croods,2013.0,Kirk De Micco,Ryan Reynolds,1969
241,Windtalkers,2002.0,John Woo,Nicolas Cage,1946
242,The Huntsman: Winter's War,2016.0,Cedric Nicolas-Troyan,Chris Hemsworth,1969
243,Teenage Mutant Ninja Turtles,2014.0,Jonathan Liebesman,Noel Fisher,1976
244,Gravity,2013.0,Alfonso Cuarón,Phaldut Sharma,1961
245,Dante's Peak,1997.0,Roger Donaldson,Jamie Renée Smith,1945
247,Fantastic Four,2015.0,Josh Trank,Tim Blake Nelson,1984
248,Night at the Museum,2006.0,Shawn Levy,Robin Williams,1968
249,San Andreas,2015.0,Brad Peyton,Dwayne Johnson,1978
250,Tomorrow Never Dies,1997.0,Roger Spottiswoode,Vincent Schiavelli,1945
251,The Patriot,2000.0,Roland Emmerich,Heath Ledger,1955
252,Ocean's Twelve,2004.0,Steven Soderbergh,Brad Pitt,1963
253,Mr. & Mrs. Smith,2005.0,Doug Liman,Brad Pitt,1965
254,Insurgent,2015.0,Robert Schwentke,Kate Winslet,1968
255,The Aviator,2004.0,Martin Scorsese,Leonardo DiCaprio,1942
256,Gulliver's Travels,2010.0,Rob Letterman,James Corden,1970
257,The Green Hornet,2011.0,Michel Gondry,Christoph Waltz,1963
258,300: Rise of an Empire,2014.0,Noam Murro,Eva Green,1961
259,The Smurfs,2011.0,Raja Gosnell,Mahadeo Shivraj,1958
261,Allegiant,2016.0,Robert Schwentke,Naomi Watts,1968
262,Real Steel,2011.0,Shawn Levy,Hugh Jackman,1968
263,The Smurfs 2,2013.0,Raja Gosnell,Jacob Tremblay,1958
264,Speed 2: Cruise Control,1997.0,Jan de Bont,Jason Patric,1943
265,Ender's Game,2013.0,Gavin Hood,Harrison Ford,1963
266,Live Free or Die Hard,2007.0,Len Wiseman,Bruce Willis,1973
267,The Lord of the Rings: The Fellowship of the Ring,2001.0,Peter Jackson,Christopher Lee,1961
268,Around the World in 80 Days,2004.0,Frank Coraci,Jim Broadbent,1966
269,Ali,2001.0,Michael Mann,Will Smith,1943
270,The Cat in the Hat,2003.0,Bo Welch,Sean Hayes,1951
271,"I, Robot",2004.0,Alex Proyas,Will Smith,1963
272,Kingdom of Heaven,2005.0,Ridley Scott,Liam Neeson,1937
273,Stuart Little,1999.0,Rob Minkoff,Chazz Palminteri,1962
274,The Princess and the Frog,2009.0,Ron Clements,Oprah Winfrey,1953
275,The Martian,2015.0,Ridley Scott,Matt Damon,1937
276,The Island,2005.0,Michael Bay,Scarlett Johansson,1965
277,Town & Country,2001.0,Peter Chelsom,Del Zamora,1956
278,Gone in Sixty Seconds,2000.0,Dominic Sena,Nicolas Cage,1949
279,Gladiator,2000.0,Ridley Scott,Djimon Hounsou,1937
280,Minority Report,2002.0,Steven Spielberg,Tom Cruise,1946
282,Casino Royale,2006.0,Martin Campbell,Eva Green,1943
283,Planet of the Apes,2001.0,Tim Burton,Cary-Hiroyuki Tagawa,1958
284,Terminator 2: Judgment Day,1991.0,James Cameron,Joe Morton,1954
285,Public Enemies,2009.0,Michael Mann,Johnny Depp,1943
286,American Gangster,2007.0,Ridley Scott,Denzel Washington,1937
287,True Lies,1994.0,James Cameron,Jamie Lee Curtis,1954
288,The Taking of Pelham 1 2 3,2009.0,Tony Scott,Denzel Washington,1944
290,The Other Guys,2010.0,Adam McKay,Dwayne Johnson,1968
291,Eraser,1996.0,Chuck Russell,Vanessa Williams,1958
292,Django Unchained,2012.0,Quentin Tarantino,Leonardo DiCaprio,1963
293,The Hunchback of Notre Dame,1996.0,Gary Trousdale,Demi Moore,1960
295,The Expendables 2,2012.0,Simon West,Jason Statham,1961
296,National Treasure,2004.0,Jon Turteltaub,Nicolas Cage,1963
297,Eragon,2006.0,Stefen Fangmeier,Djimon Hounsou,1960
298,Where the Wild Things Are,2009.0,Spike Jonze,Catherine O'Hara,1969
299,Pan,2015.0,Joe Wright,Hugh Jackman,1972
300,Epic,2013.0,Chris Wedge,Josh Hutcherson,1957
301,The Tourist,2010.0,Florian Henckel von Donnersmarck,Johnny Depp,1973
302,End of Days,1999.0,Peter Hyams,CCH Pounder,1943
303,Blood Diamond,2006.0,Edward Zwick,Leonardo DiCaprio,1952
304,The Wolf of Wall Street,2013.0,Martin Scorsese,Leonardo DiCaprio,1942
305,Batman Forever,1995.0,Joel Schumacher,Michael Gough,1939
306,Starship Troopers,1997.0,Paul Verhoeven,Jake Busey,1938
307,Cloud Atlas,2012.0,Tom Tykwer,Tom Hanks,1965
308,Legend of the Guardians: The Owls of Ga'Hoole,2010.0,Zack Snyder,Abbie Cornish,1966
309,Catwoman,2004.0,Pitof,Frances Conroy,1957
310,Hercules,2014.0,Brett Ratner,Dwayne Johnson,1969
311,Treasure Planet,2002.0,Ron Clements,Joseph Gordon-Levitt,1953
312,Land of the Lost,2009.0,Brad Silberling,Will Ferrell,1963
315,Son of the Mask,2005.0,Lawrence Guterman,Jamie Kennedy,1966
316,In the Heart of the Sea,2015.0,Ron Howard,Chris Hemsworth,1954
317,The Adventures of Pluto Nash,2002.0,Ron Underwood,Rosario Dawson,1953
318,Green Zone,2010.0,Paul Greengrass,Matt Damon,1955
319,The Peanuts Movie,2015.0,Steve Martino,Francesca Capaldi,1959
320,The Spanish Prisoner,1997.0,David Mamet,Ben Gazzara,1947
321,The Mummy Returns,2001.0,Stephen Sommers,Dwayne Johnson,1962
322,Gangs of New York,2002.0,Martin Scorsese,Leonardo DiCaprio,1942
323,The Flowers of War,2011.0,Yimou Zhang,Christian Bale,1951
324,Surf's Up,2007.0,Ash Brannon,Jeff Bridges,1969
325,The Stepford Wives,2004.0,Frank Oz,Jon Lovitz,1944
326,Black Hawk Down,2001.0,Ridley Scott,Ioan Gruffudd,1937
327,The Campaign,2012.0,Jay Roach,Will Ferrell,1957
328,The Fifth Element,1997.0,Luc Besson,Milla Jovovich,1959
329,Sex and the City 2,2010.0,Michael Patrick King,Chris Noth,1954
330,The Road to El Dorado,2000.0,Bibo Bergeron,Frank Welker,1965
331,Ice Age: Continental Drift,2012.0,Steve Martino,Peter Dinklage,1959
332,Cinderella,2015.0,Kenneth Branagh,Hayley Atwell,1960
333,The Lovely Bones,2009.0,Peter Jackson,Michael Imperioli,1961
334,Finding Nemo,2003.0,Andrew Stanton,Alexander Gould,1965
335,The Lord of the Rings: The Return of the King,2003.0,Peter Jackson,Orlando Bloom,1961
336,The Lord of the Rings: The Two Towers,2002.0,Peter Jackson,Christopher Lee,1961
337,Seventh Son,2014.0,Sergey Bodrov,Jeff Bridges,1948
338,Lara Croft: Tomb Raider,2001.0,Simon West,Angelina Jolie Pitt,1961
339,Transcendence,2014.0,Wally Pfister,Johnny Depp,1961
341,Rise of the Planet of the Apes,2011.0,Rupert Wyatt,James Franco,1972
342,The Spiderwick Chronicles,2008.0,Mark Waters,Martin Short,1964
344,The Alamo,2004.0,John Lee Hancock,Dennis Quaid,1956
345,The Incredibles,2004.0,Brad Bird,Holly Hunter,1957
346,Cutthroat Island,1995.0,Renny Harlin,Christopher Masterson,1959
348,Men in Black,1997.0,Barry Sonnenfeld,Will Smith,1953
349,Toy Story 2,1999.0,John Lasseter,Tom Hanks,1957
350,Unstoppable,2010.0,Tony Scott,Denzel Washington,1944
351,Rush Hour 2,2001.0,Brett Ratner,Mei Melançon,1969
352,What Lies Beneath,2000.0,Robert Zemeckis,Harrison Ford,1952
353,Cloudy with a Chance of Meatballs,2009.0,Phil Lord,Will Forte,1975
354,Ice Age: Dawn of the Dinosaurs,2009.0,Carlos Saldanha,Denis Leary,1965
355,The Secret Life of Walter Mitty,2013.0,Ben Stiller,Adam Scott,1965
356,Charlie's Angels,2000.0,McG,Bill Murray,1968
357,The Departed,2006.0,Martin Scorsese,Leonardo DiCaprio,1942
359,Tropic Thunder,2008.0,Ben Stiller,Robert Downey Jr.,1965
360,The Girl with the Dragon Tattoo,2011.0,David Fincher,Robin Wright,1962
361,Die Hard with a Vengeance,1995.0,John McTiernan,Bruce Willis,1951
362,Sherlock Holmes,2009.0,Guy Ritchie,Robert Downey Jr.,1968
363,Ben-Hur,2016.0,Timur Bekmambetov,Morgan Freeman,1961
364,Atlantis: The Lost Empire,2001.0,Gary Trousdale,Leonard Nimoy,1960
366,Valkyrie,2008.0,Bryan Singer,Tom Cruise,1965
367,You Don't Mess with the Zohan,2008.0,Dennis Dugan,Adam Sandler,1946
369,A.I. Artificial Intelligence,2001.0,Steven Spielberg,Haley Joel Osment,1946
370,The Haunted Mansion,2003.0,Rob Minkoff,Marsha Thomason,1962
371,Contact,1997.0,Robert Zemeckis,Matthew McConaughey,1952
372,Hollow Man,2000.0,Paul Verhoeven,Greg Grunberg,1938
373,The Interpreter,2005.0,Sydney Pollack,Curtiss Cook,1934
374,Percy Jackson: Sea of Monsters,2013.0,Thor Freudenthal,Logan Lerman,1972
375,Lara Croft Tomb Raider: The Cradle of Life,2003.0,Jan de Bont,Gerard Butler,1943
376,Now You See Me 2,2016.0,Jon M. Chu,Daniel Radcliffe,1979
377,The Saint,1997.0,Phillip Noyce,Alun Armstrong,1950
378,Spy Game,2001.0,Tony Scott,Brad Pitt,1944
379,Mission to Mars,2000.0,Brian De Palma,Don Cheadle,1940
380,Rio,2011.0,Carlos Saldanha,Anne Hathaway,1965
383,The Devil's Own,1997.0,Alan J. Pakula,Harrison Ford,1928
384,K-19: The Widowmaker,2002.0,Kathryn Bigelow,Liam Neeson,1951
385,Fantastic Four,2015.0,Josh Trank,Tim Blake Nelson,1984
386,Conan the Barbarian,1982.0,John Milius,William Smith,1944
387,Cinderella Man,2005.0,Ron Howard,Paddy Considine,1954
388,The Nutcracker in 3D,2010.0,Andrey Konchalovskiy,Shirley Henderson,1937
389,Seabiscuit,2003.0,Gary Ross,Jeff Bridges,1956
390,Twister,1996.0,Jan de Bont,Philip Seymour Hoffman,1943
391,The Fast and the Furious,2001.0,Rob Cohen,Paul Walker,1949
392,Cast Away,2000.0,Robert Zemeckis,Tom Hanks,1952
394,The Bourne Supremacy,2004.0,Paul Greengrass,Matt Damon,1955
395,Air Force One,1997.0,Wolfgang Petersen,Harrison Ford,1941
396,Ocean's Eleven,2001.0,Steven Soderbergh,Brad Pitt,1963
397,The Three Musketeers,2011.0,Paul W.S. Anderson,Milla Jovovich,1965
398,Hotel Transylvania,2012.0,Genndy Tartakovsky,Steve Buscemi,1970
399,Enchanted,2007.0,Kevin Lima,Jeff Bennett,1962
400,Safe House,2012.0,Daniel Espinosa,Denzel Washington,1977
401,102 Dalmatians,2000.0,Kevin Lima,Ioan Gruffudd,1962
402,Tower Heist,2011.0,Brett Ratner,Matthew Broderick,1969
403,The Holiday,2006.0,Nancy Meyers,Kate Winslet,1949
404,Enemy of the State,1998.0,Tony Scott,Will Smith,1944
405,It's Complicated,2009.0,Nancy Meyers,Meryl Streep,1949
406,Ocean's Thirteen,2007.0,Steven Soderbergh,Al Pacino,1963
407,Open Season,2006.0,Roger Allers,Jon Favreau,1949
409,Enemy at the Gates,2001.0,Jean-Jacques Annaud,Bob Hoskins,1943
410,The Rundown,2003.0,Peter Berg,Dwayne Johnson,1964
411,Last Action Hero,1993.0,John McTiernan,F. Murray Abraham,1951
412,Memoirs of a Geisha,2005.0,Rob Marshall,Li Gong,1960
413,The Fast and the Furious: Tokyo Drift,2006.0,Justin Lin,Amber Stevens West,1971
415,Meet Joe Black,1998.0,Martin Brest,Anthony Hopkins,1951
417,All That Jazz,1979.0,Bob Fosse,Roy Scheider,1927
418,Mirror Mirror,2012.0,Tarsem Singh,Julia Roberts,1961
419,Scott Pilgrim vs. the World,2010.0,Edgar Wright,Anna Kendrick,1974
420,The Core,2003.0,Jon Amiel,Glenn Morshower,1948
422,Scooby-Doo,2002.0,Raja Gosnell,Sarah Michelle Gellar,1958
424,Click,2006.0,Frank Coraci,Adam Sandler,1966
425,Creepshow,1982.0,George A. Romero,Ted Danson,1940
426,Cats & Dogs: The Revenge of Kitty Galore,2010.0,Brad Peyton,Jack McBrayer,1978
427,Jumper,2008.0,Doug Liman,Kristen Stewart,1965
428,Hellboy II: The Golden Army,2008.0,Guillermo del Toro,Seth MacFarlane,1964
429,Zodiac,2007.0,David Fincher,Robert Downey Jr.,1962
430,The 6th Day,2000.0,Roger Spottiswoode,Robert Duvall,1945
431,Bruce Almighty,2003.0,Tom Shadyac,Morgan Freeman,1958
432,The Expendables,2010.0,Sylvester Stallone,Jason Statham,1946
433,Mission: Impossible,1996.0,Brian De Palma,Tom Cruise,1940
434,The Hunger Games,2012.0,Gary Ross,Jennifer Lawrence,1956
435,The Hangover Part II,2011.0,Todd Phillips,Bradley Cooper,1970
436,Batman Returns,1992.0,Tim Burton,Michael Gough,1958
438,Lilo & Stitch,2002.0,Dean DeBlois,Tia Carrere,1970
439,Charlotte's Web,2006.0,Gary Winick,Steve Buscemi,1961
440,Deep Impact,1998.0,Mimi Leder,Morgan Freeman,1952
441,RED 2,2013.0,Dean Parisot,Bruce Willis,1952
444,Grown Ups 2,2013.0,Dennis Dugan,Steve Buscemi,1946
446,Something's Gotta Give,2003.0,Nancy Meyers,Keanu Reeves,1949
447,Shutter Island,2010.0,Martin Scorsese,Leonardo DiCaprio,1942
449,Robots,2005.0,Chris Wedge,Jim Broadbent,1957
450,Face/Off,1997.0,John Woo,Nicolas Cage,1946
451,Bedtime Stories,2008.0,Adam Shankman,Adam Sandler,1964
452,Road to Perdition,2002.0,Sam Mendes,Tom Hanks,1965
453,Just Go with It,2011.0,Dennis Dugan,Adam Sandler,1946
454,Con Air,1997.0,Simon West,Steve Buscemi,1961
455,Eagle Eye,2008.0,D.J. Caruso,Rosario Dawson,1965
456,Cold Mountain,2003.0,Anthony Minghella,Philip Seymour Hoffman,1954
457,The Book of Eli,2010.0,Albert Hughes,Denzel Washington,1972
458,Flubber,1997.0,Les Mayfield,Robin Williams,1959
459,The Haunting,1999.0,Jan de Bont,Liam Neeson,1943
460,Space Jam,1996.0,Joe Pytka,Bill Murray,1938
461,The Pink Panther,2006.0,Shawn Levy,Roger Rees,1968
462,The Day the Earth Stood Still,2008.0,Scott Derrickson,Keanu Reeves,1966
463,Conspiracy Theory,1997.0,Richard Donner,Julia Roberts,1930
464,Fury,2014.0,David Ayer,Brad Pitt,1968
465,Six Days Seven Nights,1998.0,Ivan Reitman,Harrison Ford,1946
467,Spirit: Stallion of the Cimarron,2002.0,Kelly Asbury,Matt Damon,1960
468,Zookeeper,2011.0,Frank Coraci,Rosario Dawson,1966
470,The Manchurian Candidate,2004.0,Jonathan Demme,Denzel Washington,1944
471,Déjà Vu,1997.0,Henry Jaglom,Vanessa Redgrave,1938
472,Hotel Transylvania 2,2015.0,Genndy Tartakovsky,Steve Buscemi,1970
473,Fantasia 2000,1999.0,James Algar,Quincy Jones,1912
475,Mighty Joe Young,1998.0,Ron Underwood,Charlize Theron,1953
476,Swordfish,2001.0,Dominic Sena,Hugh Jackman,1949
477,The Legend of Zorro,2005.0,Martin Campbell,Michael Emerson,1943
480,The Brothers Grimm,2005.0,Terry Gilliam,Matt Damon,1940
481,Mars Attacks!,1996.0,Tim Burton,Natalie Portman,1958
482,Evolution,2015.0,Lucile Hadzihalilovic,Nissim Renard,1961
484,Surrogates,2009.0,Jonathan Mostow,Bruce Willis,1961
485,Thirteen Days,2000.0,Roger Donaldson,Bruce Greenwood,1945
486,Daylight,1996.0,Rob Cohen,Sylvester Stallone,1949
487,Walking with Dinosaurs 3D,2013.0,Barry Cook,Charlie Rowe,1958
489,Looney Tunes: Back in Action,2003.0,Joe Dante,Brendan Fraser,1946
490,Nine,2009.0,Rob Marshall,Fergie,1960
491,Timeline,2003.0,Richard Donner,Paul Walker,1930
492,The Postman,1997.0,Kevin Costner,Olivia Williams,1955
494,The Last Witch Hunter,2015.0,Breck Eisner,Vin Diesel,1970
496,Arthur and the Invisibles,2006.0,Luc Besson,Mia Farrow,1959
497,Oceans,2009.0,Jacques Perrin,Pedro Armendáriz Jr.,1941
498,A Sound of Thunder,2005.0,Peter Hyams,David Oyelowo,1943
499,Pompeii,2014.0,Paul W.S. Anderson,Sasha Roiz,1965
501,A Beautiful Mind,2001.0,Ron Howard,Adam Goldberg,1954
502,The Lion King,1994.0,Roger Allers,Matthew Broderick,1949
503,Journey 2: The Mysterious Island,2012.0,Brad Peyton,Josh Hutcherson,1978
504,Cloudy with a Chance of Meatballs 2,2013.0,Cody Cameron,Will Forte,1970
505,Red Dragon,2002.0,Brett Ratner,Philip Seymour Hoffman,1969
507,Jack and Jill,2011.0,Dennis Dugan,Al Pacino,1946
508,2 Fast 2 Furious,2003.0,John Singleton,Paul Walker,1968
510,The Invasion,2007.0,Oliver Hirschbiegel,Roger Rees,1957
511,The Adventures of Rocky & Bullwinkle,2000.0,Des McAnuff,Robert De Niro,1952
514,Despicable Me 2,2013.0,Pierre Coffin,Steve Carell,1967
515,Independence Day,1996.0,Roland Emmerich,Will Smith,1955
516,The Lost World: Jurassic Park,1997.0,Steven Spielberg,Ariana Richards,1946
517,Madagascar,2005.0,Eric Darnell,Jada Pinkett Smith,1961
518,Children of Men,2006.0,Alfonso Cuarón,Charlie Hunnam,1961
519,X-Men,2000.0,Bryan Singer,Hugh Jackman,1965
520,Wanted,2008.0,Timur Bekmambetov,Angelina Jolie Pitt,1961
521,The Rock,1996.0,Michael Bay,Nicolas Cage,1965
522,Ice Age: The Meltdown,2006.0,Carlos Saldanha,Denis Leary,1965
524,Hairspray,2007.0,Adam Shankman,Jerry Stiller,1964
525,Exorcist: The Beginning,2004.0,Renny Harlin,James D'Arcy,1959
527,Now You See Me,2013.0,Louis Leterrier,Morgan Freeman,1973
528,Grown Ups,2010.0,Dennis Dugan,Steve Buscemi,1946
529,The Terminal,2004.0,Steven Spielberg,Tom Hanks,1946
530,Hotel for Dogs,2009.0,Thor Freudenthal,Don Cheadle,1972
531,Vertical Limit,2000.0,Martin Campbell,Nicholas Lea,1943
532,Charlie Wilson's War,2007.0,Mike Nichols,Philip Seymour Hoffman,1931
533,Shark Tale,2004.0,Bibo Bergeron,Robert De Niro,1965
534,Dreamgirls,2006.0,Bill Condon,Loretta Devine,1955
535,Be Cool,2005.0,F. Gary Gray,Dwayne Johnson,1969
536,Munich,2005.0,Steven Spielberg,Ayelet Zurer,1946
537,Tears of the Sun,2003.0,Antoine Fuqua,Bruce Willis,1965
538,Killers,2010.0,Robert Luketic,Tom Selleck,1973
539,The Man from U.N.C.L.E.,2015.0,Guy Ritchie,Henry Cavill,1968
540,Spanglish,2004.0,James L. Brooks,Adam Sandler,1940
541,Monster House,2006.0,Gil Kenan,Steve Buscemi,1976
542,Bandits,2001.0,Barry Levinson,Bruce Willis,1942
543,First Knight,1995.0,Jerry Zucker,Julia Ormond,1950
544,Anna and the King,1999.0,Andy Tennant,Bai Ling,1955
545,Immortals,2011.0,Tarsem Singh,Henry Cavill,1961
546,Hostage,2005.0,Florent-Emilio Siri,Jimmy Bennett,1965
547,Titan A.E.,2000.0,Don Bluth,Matt Damon,1937
548,Hollywood Homicide,2003.0,Ron Shelton,Harrison Ford,1945
549,Soldier,1998.0,Paul W.S. Anderson,Connie Nielsen,1965
550,Carriers,2009.0,David Pastor,Christopher Meloni,2000
551,Monkeybone,2001.0,Henry Selick,Brendan Fraser,1952
553,Unbreakable,2000.0,M. Night Shyamalan,Robin Wright,1970
554,Minions,2015.0,Kyle Balda,Steve Carell,1971
555,Sucker Punch,2011.0,Zack Snyder,Jon Hamm,1966
556,Snake Eyes,1998.0,Brian De Palma,Nicolas Cage,1940
557,Sphere,1998.0,Barry Levinson,Peter Coyote,1942
558,The Angry Birds Movie,2016.0,Clay Kaytis,Peter Dinklage,1973
559,Fool's Gold,2008.0,Andy Tennant,Matthew McConaughey,1955
560,Funny People,2009.0,Judd Apatow,Adam Sandler,1967
561,The Kingdom,2007.0,Peter Berg,Jennifer Garner,1964
562,Talladega Nights: The Ballad of Ricky Bobby,2006.0,Adam McKay,Will Ferrell,1968
563,Dr. Dolittle 2,2001.0,Steve Carr,Raven-Symoné,1965
564,Braveheart,1995.0,Mel Gibson,Mhairi Calvey,1956
565,Jarhead,2005.0,Sam Mendes,Jake Gyllenhaal,1965
567,The Majestic,2001.0,Frank Darabont,Martin Landau,1959
568,Driven,2001.0,Renny Harlin,Sylvester Stallone,1959
569,Two Brothers,2004.0,Jean-Jacques Annaud,David Gant,1943
570,The Village,2004.0,M. Night Shyamalan,Bryce Dallas Howard,1970
571,Doctor Dolittle,1998.0,Betty Thomas,Oliver Platt,1947
572,Signs,2002.0,M. Night Shyamalan,Rory Culkin,1970
573,Shrek 2,2004.0,Andrew Adamson,Rupert Everett,1966
574,Cars,2006.0,John Lasseter,John Ratzenberger,1957
575,Runaway Bride,1999.0,Garry Marshall,Julia Roberts,1934
576,xXx,2002.0,Rob Cohen,Vin Diesel,1949
577,The SpongeBob Movie: Sponge Out of Water,2015.0,Paul Tibbitt,Tim Conway,1968
578,Ransom,1996.0,Ron Howard,Lili Taylor,1954
579,Inglourious Basterds,2009.0,Quentin Tarantino,Michael Fassbender,1963
580,Hook,1991.0,Steven Spielberg,Robin Williams,1946
581,Hercules,2014.0,Brett Ratner,Dwayne Johnson,1969
582,Die Hard 2,1990.0,Renny Harlin,Bruce Willis,1959
583,S.W.A.T.,2003.0,Clark Johnson,Jeremy Renner,1954
584,Vanilla Sky,2001.0,Cameron Crowe,Tom Cruise,1957
585,Lady in the Water,2006.0,M. Night Shyamalan,Bryce Dallas Howard,1970
586,AVP: Alien vs. Predator,2004.0,Paul W.S. Anderson,Sanaa Lathan,1965
587,Alvin and the Chipmunks: The Squeakquel,2009.0,Betty Thomas,Amy Poehler,1947
588,We Were Soldiers,2002.0,Randall Wallace,Jon Hamm,1949
589,Olympus Has Fallen,2013.0,Antoine Fuqua,Gerard Butler,1965
590,Star Trek: Insurrection,1998.0,Jonathan Frakes,LeVar Burton,1952
591,Battle Los Angeles,2011.0,Jonathan Liebesman,Noel Fisher,1976
592,Big Fish,2003.0,Tim Burton,Steve Buscemi,1958
593,Wolf,1994.0,Mike Nichols,David Hyde Pierce,1931
594,War Horse,2011.0,Steven Spielberg,Jeremy Irvine,1946
595,The Monuments Men,2014.0,George Clooney,Bill Murray,1961
596,The Abyss,1989.0,James Cameron,Michael Biehn,1954
597,Wall Street: Money Never Sleeps,2010.0,Oliver Stone,Frank Langella,1946
599,The Siege,1998.0,Edward Zwick,Denzel Washington,1952
600,Stardust,2007.0,Matthew Vaughn,Henry Cavill,1971
601,Seven Years in Tibet,1997.0,Jean-Jacques Annaud,Brad Pitt,1943
602,The Dilemma,2011.0,Ron Howard,Channing Tatum,1954
603,Bad Company,2002.0,Joel Schumacher,Anthony Hopkins,1939
604,Doom,2005.0,Andrzej Bartkowiak,Dwayne Johnson,1950
605,I Spy,2002.0,Betty Thomas,Gary Cole,1947
606,Underworld: Awakening,2012.0,Måns Mårlind,Theo James,1969
607,Rock of Ages,2012.0,Adam Shankman,James Martin Kelly,1964
608,Hart's War,2002.0,Gregory Hoblit,Bruce Willis,1944
610,Rollerball,2002.0,John McTiernan,LL Cool J,1951
612,Hard Rain,1998.0,Mikael Salomon,Morgan Freeman,1945
613,Osmosis Jones,2001.0,Bobby Farrelly,Ron Howard,1958
615,Blackhat,2015.0,Michael Mann,Chris Hemsworth,1943
617,Basic Instinct 2,2006.0,Michael Caton-Jones,Charlotte Rampling,1957
619,The Legend of Hercules,2014.0,Renny Harlin,Roxanne McKee,1959
620,The Sum of All Fears,2002.0,Phil Alden Robinson,Morgan Freeman,1950
621,The Twilight Saga: Eclipse,2010.0,David Slade,Robert Pattinson,1969
622,The Score,2001.0,Frank Oz,Robert De Niro,1944
623,Despicable Me,2010.0,Pierre Coffin,Steve Carell,1967
624,Money Train,1995.0,Joseph Ruben,Vincent Pastore,1950
625,Ted 2,2015.0,Seth MacFarlane,Liam Neeson,1973
626,Agora,2009.0,Alejandro Amenábar,Max Minghella,1972
628,Hall Pass,2011.0,Bobby Farrelly,Jenna Fischer,1958
629,The Insider,1999.0,Michael Mann,Al Pacino,1943
630,The Finest Hours,2016.0,Craig Gillespie,Michael Raymond-James,1967
631,Body of Lies,2008.0,Ridley Scott,Leonardo DiCaprio,1937
632,Dinner for Schmucks,2010.0,Jay Roach,Steve Carell,1957
633,Abraham Lincoln: Vampire Hunter,2012.0,Timur Bekmambetov,Rufus Sewell,1961
634,Entrapment,1999.0,Jon Amiel,Will Patton,1948
637,Saving Private Ryan,1998.0,Steven Spielberg,Tom Hanks,1946
638,Need for Speed,2014.0,Scott Waugh,Rami Malek,1970
639,What Women Want,2000.0,Nancy Meyers,Judy Greer,1949
640,Ice Age,2002.0,Chris Wedge,Goran Visnjic,1957
641,Dreamcatcher,2003.0,Lawrence Kasdan,Morgan Freeman,1949
642,Lincoln,2012.0,Steven Spielberg,Joseph Gordon-Levitt,1946
643,The Matrix,1999.0,Lana Wachowski,Keanu Reeves,1965
644,Apollo 13,1995.0,Ron Howard,Tom Hanks,1954
645,Total Recall,1990.0,Paul Verhoeven,Ronny Cox,1938
646,The Santa Clause 2,2002.0,Michael Lembeck,Judge Reinhold,1948
647,Les Misérables,2012.0,Tom Hooper,Hugh Jackman,1972
648,You've Got Mail,1998.0,Nora Ephron,Tom Hanks,1941
649,Step Brothers,2008.0,Adam McKay,Will Ferrell,1968
650,The Mask of Zorro,1998.0,Martin Campbell,Anthony Hopkins,1943
651,Due Date,2010.0,Todd Phillips,Robert Downey Jr.,1970
652,Unbroken,2014.0,Angelina Jolie Pitt,Finn Wittrock,1975
653,Space Cowboys,2000.0,Clint Eastwood,Clint Eastwood,1930
654,Cliffhanger,1993.0,Renny Harlin,Sylvester Stallone,1959
655,Broken Arrow,1996.0,John Woo,Delroy Lindo,1946
656,The Kid,2000.0,Jon Turteltaub,Bruce Willis,1963
657,World Trade Center,2006.0,Oliver Stone,Nicolas Cage,1946
660,Eyes Wide Shut,1999.0,Stanley Kubrick,Tom Cruise,1928
661,Annie,2014.0,Will Gluck,Quvenzhané Wallis,1978
662,Focus,2015.0,Glenn Ficarra,Will Smith,1969
663,This Means War,2012.0,McG,Tom Hardy,1968
664,Blade: Trinity,2004.0,David S. Goyer,Ryan Reynolds,1965
665,Red Dawn,1984.0,John Milius,Lea Thompson,1944
666,Primary Colors,1998.0,Mike Nichols,Maura Tierney,1931
667,Resident Evil: Retribution,2012.0,Paul W.S. Anderson,Milla Jovovich,1965
668,Death Race,2008.0,Paul W.S. Anderson,Jason Statham,1965
669,The Long Kiss Goodnight,1996.0,Renny Harlin,Melina Kanakaredes,1959
670,Proof of Life,2000.0,Taylor Hackford,Pamela Reed,1944
671,Zathura: A Space Adventure,2005.0,Jon Favreau,Kristen Stewart,1966
672,Fight Club,1999.0,David Fincher,Brad Pitt,1962
673,We Are Marshall,2006.0,McG,Matthew McConaughey,1968
674,Hudson Hawk,1991.0,Michael Lehmann,Bruce Willis,1957
675,Lucky Numbers,2000.0,Nora Ephron,Michael Rapaport,1941
676,"I, Frankenstein",2014.0,Stuart Beattie,Caitlin Stasey,1971
677,Oliver Twist,2005.0,Roman Polanski,Ian McNeice,1933
679,Sin City: A Dame to Kill For,2014.0,Frank Miller,Joseph Gordon-Levitt,1957
680,Random Hearts,1999.0,Sydney Pollack,Harrison Ford,1934
681,Everest,2015.0,Baltasar Kormákur,Michael Kelly,1966
682,Perfume: The Story of a Murderer,2006.0,Tom Tykwer,Michael Smiley,1965
683,Austin Powers in Goldmember,2002.0,Jay Roach,Verne Troyer,1957
685,Jurassic Park,1993.0,Steven Spielberg,Wayne Knight,1946
686,Wyatt Earp,1994.0,Lawrence Kasdan,Dennis Quaid,1949
687,Clear and Present Danger,1994.0,Phillip Noyce,Harrison Ford,1950
689,Littleman,2006.0,Keenen Ivory Wayans,Chazz Palminteri,1958
690,U-571,2000.0,Jonathan Mostow,Matthew McConaughey,1961
691,The American President,1995.0,Rob Reiner,Shawna Waldron,1947
694,The Hateful Eight,2015.0,Quentin Tarantino,Craig Stark,1963
695,Blades of Glory,2007.0,Josh Gordon,Will Ferrell,1991
697,300,2006.0,Zack Snyder,Gerard Butler,1966
698,Meet the Fockers,2004.0,Jay Roach,Robert De Niro,1957
699,Marley & Me,2008.0,David Frankel,Eric Dane,1959
700,The Green Mile,1999.0,Frank Darabont,Tom Hanks,1959
703,Gone Girl,2014.0,David Fincher,Patrick Fugit,1962
704,The Bourne Identity,2002.0,Doug Liman,Matt Damon,1965
705,GoldenEye,1995.0,Martin Campbell,Izabella Scorupco,1943
706,The General's Daughter,1999.0,Simon West,Daniel von Bargen,1961
707,The Truman Show,1998.0,Peter Weir,Natascha McElhone,1944
709,Daddy Day Care,2003.0,Steve Carr,Anjelica Huston,1965
710,2 Guns,2013.0,Baltasar Kormákur,Denzel Washington,1966
711,Cats & Dogs,2001.0,Lawrence Guterman,Carol Ann Susi,1966
712,The Italian Job,2003.0,F. Gary Gray,Jason Statham,1969
713,Two Weeks Notice,2002.0,Marc Lawrence,Dorian Missick,1910
714,Antz,1998.0,Eric Darnell,Sylvester Stallone,1961
715,Couples Retreat,2009.0,Peter Billingsley,Jon Favreau,1971
716,Days of Thunder,1990.0,Tony Scott,Tom Cruise,1944
717,Cheaper by the Dozen 2,2005.0,Adam Shankman,Taylor Lautner,1964
718,The Scorch Trials,2015.0,Wes Ball,Ki Hong Lee,1980
720,The Family Man,2000.0,Brett Ratner,Nicolas Cage,1969
721,RED,2010.0,Robert Schwentke,Bruce Willis,1968
722,Any Given Sunday,1999.0,Oliver Stone,Al Pacino,1946
723,The Horse Whisperer,1998.0,Robert Redford,Scarlett Johansson,1936
724,Collateral,2004.0,Michael Mann,Tom Cruise,1943
725,The Scorpion King,2002.0,Chuck Russell,Dwayne Johnson,1958
726,Ladder 49,2004.0,Jay Russell,Billy Burke,1960
727,Jack Reacher,2012.0,Christopher McQuarrie,Tom Cruise,1968
728,Deep Blue Sea,1999.0,Renny Harlin,LL Cool J,1959
729,This Is It,2009.0,Kenny Ortega,Misha Gabriel Hamilton,1950
730,Contagion,2011.0,Steven Soderbergh,Matt Damon,1963
732,Coraline,2009.0,Henry Selick,Jennifer Saunders,1952
733,The Happening,2008.0,M. Night Shyamalan,Zooey Deschanel,1970
734,Man on Fire,2004.0,Tony Scott,Denzel Washington,1944
735,The Shaggy Dog,2006.0,Brian Robbins,Robert Downey Jr.,1963
736,Starsky & Hutch,2004.0,Todd Phillips,Snoop Dogg,1970
737,Jingle All the Way,1996.0,Brian Levant,Jim Belushi,1952
738,Hellboy,2004.0,Guillermo del Toro,James Babson,1964
739,A Civil Action,1998.0,Steven Zaillian,Robert Duvall,1953
741,The Jackal,1997.0,Michael Caton-Jones,J.K. Simmons,1957
742,Paycheck,2003.0,John Woo,Ivana Milicevic,1946
743,Up Close & Personal,1996.0,Jon Avnet,Joe Mantegna,1949
744,The Tale of Despereaux,2008.0,Sam Fell,Emma Watson,1965
745,The Tuxedo,2002.0,Kevin Donovan,Romany Malco,1971
746,Under Siege 2: Dark Territory,1995.0,Geoff Murphy,Peter Greene,1938
747,Jack Ryan: Shadow Recruit,2014.0,Kenneth Branagh,Colm Feore,1960
748,Joy,2015.0,David O. Russell,Jennifer Lawrence,1958
749,London Has Fallen,2016.0,Babak Najafi,Gerard Butler,1975
750,Alien: Resurrection,1997.0,Jean-Pierre Jeunet,Gary Dourdan,1953
751,Shooter,2007.0,Antoine Fuqua,Tate Donovan,1965
752,The Boxtrolls,2014.0,Graham Annable,Isaac Hempstead Wright,1970
753,Practical Magic,1998.0,Griffin Dunne,Goran Visnjic,1955
754,The Lego Movie,2014.0,Phil Lord,Morgan Freeman,1975
755,Miss Congeniality 2: Armed and Fabulous,2005.0,John Pasquin,Eileen Brennan,1944
757,Gangster Squad,2013.0,Ruben Fleischer,Ryan Gosling,1974
758,Year One,2009.0,Harold Ramis,Olivia Wilde,1944
759,Invictus,2009.0,Clint Eastwood,Matt Damon,1930
761,Duplicity,2009.0,Tony Gilroy,Julia Roberts,1956
762,My Favorite Martian,1999.0,Donald Petrie,Steven Anthony Lawrence,1954
763,The Sentinel,2006.0,Clark Johnson,Blair Brown,1954
765,Star Trek: Nemesis,2002.0,Stuart Baird,Tom Hardy,1947
766,Intolerable Cruelty,2003.0,Joel Coen,Cedric the Entertainer,1954
768,Edge of Darkness,2010.0,Martin Campbell,Bojana Novakovic,1943
769,The Relic,1997.0,Peter Hyams,John Kapelos,1943
770,Analyze That,2002.0,Harold Ramis,Robert De Niro,1944
771,Righteous Kill,2008.0,Jon Avnet,Robert De Niro,1949
772,Mercury Rising,1998.0,Harold Becker,Bruce Willis,1928
773,The Soloist,2009.0,Joe Wright,Robert Downey Jr.,1972
774,The Legend of Bagger Vance,2000.0,Robert Redford,Matt Damon,1936
775,Almost Famous,2000.0,Cameron Crowe,Philip Seymour Hoffman,1957
779,Sinbad: Legend of the Seven Seas,2003.0,Patrick Gilmore,Brad Pitt,1829
780,Event Horizon,1997.0,Paul W.S. Anderson,Sean Pertwee,1965
781,The Avengers,2012.0,Joss Whedon,Chris Hemsworth,1964
782,Dragonfly,2002.0,Tom Shadyac,Joe Morton,1958
783,The Black Dahlia,2006.0,Brian De Palma,Scarlett Johansson,1940
784,Flyboys,2006.0,Tony Bill,James Franco,1940
785,The Last Castle,2001.0,Rod Lurie,Clifton Collins Jr.,1962
786,Supernova,2000.0,Walter Hill,Robert Forster,1940
787,Winter's Tale,2014.0,Akiva Goldsman,Matt Bomer,1962
788,The Mortal Instruments: City of Bones,2013.0,Harald Zwart,Aidan Turner,1965
789,Meet Dave,2008.0,Brian Robbins,Marc Blucas,1963
790,Dark Water,2005.0,Walter Salles,Dougray Scott,1956
791,Edtv,1999.0,Ron Howard,Matthew McConaughey,1954
792,Inkheart,2008.0,Iain Softley,Brendan Fraser,1956
793,The Spirit,2008.0,Frank Miller,Scarlett Johansson,1957
794,Mortdecai,2015.0,David Koepp,Johnny Depp,1963
795,In the Name of the King: A Dungeon Siege Tale,2007.0,Uwe Boll,Jason Statham,1965
796,Beyond Borders,2003.0,Martin Campbell,Angelina Jolie Pitt,1943
797,Xi you ji zhi: Sun Wukong san da Baigu Jing,2016.0,Pou-Soi Cheang,Li Gong,1972
798,The Great Raid,2005.0,John Dahl,James Franco,1956
800,Holy Man,1998.0,Stephen Herek,Kelly Preston,1958
801,American Sniper,2014.0,Clint Eastwood,Bradley Cooper,1930
802,Goosebumps,2015.0,Rob Letterman,Odeya Rush,1970
803,Just Like Heaven,2005.0,Mark Waters,Jon Heder,1964
804,The Flintstones in Viva Rock Vegas,2000.0,Brian Levant,Taylor Negron,1952
806,Leatherheads,2008.0,George Clooney,Robert Baker,1961
807,The Ridiculous 6,2015.0,Frank Coraci,Taylor Lautner,1966
808,Did You Hear About the Morgans?,2009.0,Marc Lawrence,Michael Kelly,1910
809,The Internship,2013.0,Shawn Levy,Josh Gad,1968
810,Resident Evil: Afterlife,2010.0,Paul W.S. Anderson,Milla Jovovich,1965
812,The Devil's Advocate,1997.0,Taylor Hackford,Keanu Reeves,1944
813,That's My Boy,2012.0,Sean Anders,Adam Sandler,1969
814,DragonHeart,1996.0,Rob Cohen,Dennis Quaid,1949
815,After the Sunset,2004.0,Brett Ratner,Salma Hayek,1969
816,Ghost Rider: Spirit of Vengeance,2011.0,Mark Neveldine,Nicolas Cage,1973
817,Captain Corelli's Mandolin,2001.0,John Madden,Christian Bale,1936
818,The Pacifier,2005.0,Adam Shankman,Vin Diesel,1964
820,Forrest Gump,1994.0,Robert Zemeckis,Tom Hanks,1952
822,Meet the Parents,2000.0,Jay Roach,Robert De Niro,1957
823,Pocahontas,1995.0,Mike Gabriel,Christian Bale,1954
824,Superman,1978.0,Richard Donner,Marlon Brando,1930
825,The Nutty Professor,1996.0,Tom Shadyac,Jada Pinkett Smith,1958
826,Hitch,2005.0,Andy Tennant,Will Smith,1955
828,American Wedding,2003.0,Jesse Dylan,Alyson Hannigan,1966
829,Captain Phillips,2013.0,Paul Greengrass,Tom Hanks,1955
830,Date Night,2010.0,Shawn Levy,Mila Kunis,1968
831,Casper,1995.0,Brad Silberling,Eric Idle,1963
832,The Equalizer,2014.0,Antoine Fuqua,Denzel Washington,1965
833,Maid in Manhattan,2002.0,Wayne Wang,Bob Hoskins,1949
834,Crimson Tide,1995.0,Tony Scott,Denzel Washington,1944
835,The Pursuit of Happyness,2006.0,Gabriele Muccino,Will Smith,1967
836,Flightplan,2005.0,Robert Schwentke,Erika Christensen,1968
837,Disclosure,1994.0,Barry Levinson,Demi Moore,1942
838,City of Angels,1998.0,Brad Silberling,Nicolas Cage,1963
839,Kill Bill: Vol. 1,2003.0,Quentin Tarantino,David Carradine,1963
840,Bowfinger,1999.0,Frank Oz,Robert Downey Jr.,1944
841,Kill Bill: Vol. 2,2004.0,Quentin Tarantino,Vivica A. Fox,1963
842,Tango & Cash,1989.0,Andrey Konchalovskiy,Sylvester Stallone,1937
843,Death Becomes Her,1992.0,Robert Zemeckis,Bruce Willis,1952
844,Shanghai Noon,2000.0,Tom Dey,Xander Berkeley,1965
845,Executive Decision,1996.0,Stuart Baird,Oliver Platt,1947
846,Mr. Popper's Penguins,2011.0,Mark Waters,Madeline Carroll,1964
847,The Forbidden Kingdom,2008.0,Rob Minkoff,Jet Li,1962
848,Free Birds,2013.0,Jimmy Hayward,Amy Poehler,1970
849,Alien 3,1992.0,David Fincher,Charles S. Dutton,1962
850,Evita,1996.0,Alan Parker,Andrea Corr,1944
851,Ronin,1998.0,John Frankenheimer,Robert De Niro,1930
854,The Watch,2012.0,Akiva Schaffer,Will Forte,1977
855,The Hunted,2003.0,William Friedkin,Connie Nielsen,1935
856,Instinct,1999.0,Jon Turteltaub,Anthony Hopkins,1963
857,Stuck on You,2003.0,Bobby Farrelly,Matt Damon,1958
859,The Pirates! Band of Misfits,2012.0,Peter Lord,Salma Hayek,1953
860,Changeling,2008.0,Clint Eastwood,Angelina Jolie Pitt,1930
862,The Fan,1996.0,Tony Scott,Robert De Niro,1944
863,The Phantom of the Opera,2004.0,Joel Schumacher,Gerard Butler,1939
864,Elizabeth: The Golden Age,2007.0,Shekhar Kapur,Eddie Redmayne,1945
865,Æon Flux,2005.0,Karyn Kusama,Charlize Theron,1968
868,Imagine That,2009.0,Karey Kirkpatrick,Stephen Root,1964
870,Thunderbirds,2004.0,Jonathan Frakes,Sophia Myles,1952
871,Burlesque,2010.0,Steve Antin,Eric Dane,1958
872,A Very Long Engagement,2004.0,Jean-Pierre Jeunet,Denis Lavant,1953
873,Lolita,1962.0,Stanley Kubrick,James Mason,1928
875,Blade II,2002.0,Guillermo del Toro,Norman Reedus,1964
876,Seven Pounds,2008.0,Gabriele Muccino,Will Smith,1967
877,Bullet to the Head,2012.0,Walter Hill,Sylvester Stallone,1940
878,The Godfather: Part III,1990.0,Francis Ford Coppola,Al Pacino,1939
879,Elizabethtown,2005.0,Cameron Crowe,Orlando Bloom,1957
881,Superman II,1980.0,Richard Lester,Margot Kidder,1932
882,Gigli,2003.0,Martin Brest,Todd Giebenhain,1951
883,All the King's Men,2006.0,Steven Zaillian,Kate Winslet,1953
884,Shaft,2000.0,John Singleton,Christian Bale,1968
885,Anastasia,1997.0,Don Bluth,Kirsten Dunst,1937
886,Moulin Rouge!,2001.0,Baz Luhrmann,Jim Broadbent,1962
887,Domestic Disturbance,2001.0,Harold Becker,Steve Buscemi,1928
889,Flags of Our Fathers,2006.0,Clint Eastwood,Paul Walker,1930
890,Law Abiding Citizen,2009.0,F. Gary Gray,Gerard Butler,1969
891,Grindhouse,2007.0,Robert Rodriguez,Quentin Tarantino,1968
892,Beloved,1998.0,Jonathan Demme,Oprah Winfrey,1944
893,Lucky You,2007.0,Curtis Hanson,Robert Downey Jr.,1945
894,Catch Me If You Can,2002.0,Steven Spielberg,Leonardo DiCaprio,1946
895,Zero Dark Thirty,2012.0,Kathryn Bigelow,Jennifer Ehle,1951
896,The Break-Up,2006.0,Peyton Reed,Jon Favreau,1964
897,Mamma Mia!,2008.0,Phyllida Lloyd,Colin Firth,1957
898,Valentine's Day,2010.0,Garry Marshall,Bradley Cooper,1934
899,The Dukes of Hazzard,2005.0,Jay Chandrasekhar,Alice Greczyn,1968
900,The Thin Red Line,1998.0,Terrence Malick,Nick Stahl,1943
902,Man on the Moon,1999.0,Milos Forman,Matt Price,1932
903,Casino,1995.0,Martin Scorsese,Robert De Niro,1942
904,From Paris with Love,2010.0,Pierre Morel,Kasia Smutniak,1964
905,Bulletproof Monk,2003.0,Paul Hunter,Jaime King,1978
906,"Me, Myself & Irene",2000.0,Bobby Farrelly,Robert Forster,1958
907,Barnyard,2006.0,Steve Oedekerk,Rob Paulsen,1961
909,The Twilight Saga: New Moon,2009.0,Chris Weitz,Robert Pattinson,1969
910,Shrek,2001.0,Andrew Adamson,Kathleen Freeman,1966
911,The Adjustment Bureau,2011.0,George Nolfi,Matt Damon,1968
913,Jerry Maguire,1996.0,Cameron Crowe,Tom Cruise,1957
914,Ted,2012.0,Seth MacFarlane,Mila Kunis,1973
915,As Good as It Gets,1997.0,James L. Brooks,Lupe Ontiveros,1940
916,Patch Adams,1998.0,Tom Shadyac,Robin Williams,1958
917,Anchorman 2: The Legend Continues,2013.0,Adam McKay,Harrison Ford,1968
919,Super 8,2011.0,J.J. Abrams,Joel Courtney,1966
920,Erin Brockovich,2000.0,Steven Soderbergh,Julia Roberts,1963
921,How to Lose a Guy in 10 Days,2003.0,Donald Petrie,Matthew McConaughey,1954
922,22 Jump Street,2014.0,Phil Lord,Channing Tatum,1975
923,Interview with the Vampire: The Vampire Chronicles,1994.0,Neil Jordan,Brad Pitt,1950
924,Yes Man,2008.0,Peyton Reed,Bradley Cooper,1964
925,Central Intelligence,2016.0,Rawson Marshall Thurber,Dwayne Johnson,1975
927,Daddy's Home,2015.0,Sean Anders,Will Ferrell,1969
928,Into the Woods,2014.0,Rob Marshall,Johnny Depp,1960
929,Inside Man,2006.0,Spike Lee,Denzel Washington,1957
930,Payback,1999.0,Brian Helgeland,Bill Duke,1961
932,We Bought a Zoo,2011.0,Cameron Crowe,Scarlett Johansson,1957
933,Knowing,2009.0,Alex Proyas,Nicolas Cage,1963
934,Failure to Launch,2006.0,Tom Dey,Bradley Cooper,1965
935,The Ring Two,2005.0,Hideo Nakata,Naomi Watts,1961
936,"Crazy, Stupid, Love.",2011.0,Glenn Ficarra,Ryan Gosling,1969
938,Christmas with the Kranks,2004.0,Joe Roth,Jamie Lee Curtis,1948
939,Moneyball,2011.0,Bennett Miller,Philip Seymour Hoffman,1966
940,Outbreak,1995.0,Wolfgang Petersen,Kevin Spacey,1941
941,Non-Stop,2014.0,Jaume Collet-Serra,Liam Neeson,1974
943,V for Vendetta,2005.0,James McTeigue,Natalie Portman,1967
945,Curious George,2006.0,Matthew O'Callaghan,Will Ferrell,1966
947,Don't Say a Word,2001.0,Gary Fleder,Oliver Platt,1965
948,Hansel & Gretel: Witch Hunters,2013.0,Tommy Wirkola,Jeremy Renner,1979
949,Unfaithful,2002.0,Adrian Lyne,Olivier Martinez,1941
950,I Am Number Four,2011.0,D.J. Caruso,Alex Pettyfer,1965
951,Syriana,2005.0,Stephen Gaghan,Matt Damon,1965
952,13 Hours,2016.0,Michael Bay,Toby Stephens,1965
954,Firewall,2006.0,Richard Loncraine,Jimmy Bennett,1946
955,Absolute Power,1997.0,Clint Eastwood,Clint Eastwood,1930
956,G.I. Jane,1997.0,Ridley Scott,Viggo Mortensen,1937
957,The Game,1997.0,David Fincher,Deborah Kara Unger,1962
958,Silent Hill,2006.0,Christophe Gans,Radha Mitchell,1960
959,The Replacements,2000.0,Howard Deutch,Keanu Reeves,1950
960,American Reunion,2012.0,Jon Hurwitz,Alyson Hannigan,1977
961,The Negotiator,1998.0,F. Gary Gray,Kevin Spacey,1969
963,Beverly Hills Cop III,1994.0,John Landis,Louis Lombardi,1950
964,Gremlins 2: The New Batch,1990.0,Joe Dante,Christopher Lee,1946
966,The Peacemaker,1997.0,Mimi Leder,Armin Mueller-Stahl,1952
967,Resident Evil: Apocalypse,2004.0,Alexander Witt,Milla Jovovich,1952
968,Bridget Jones: The Edge of Reason,2004.0,Beeban Kidron,Colin Firth,1961
969,Out of Time,2003.0,Carl Franklin,Denzel Washington,1949
970,On Deadly Ground,1994.0,Steven Seagal,Mike Starr,1952
971,The Adventures of Sharkboy and Lavagirl 3-D,2005.0,Robert Rodriguez,Taylor Lautner,1968
972,The Beach,2000.0,Danny Boyle,Leonardo DiCaprio,1956
973,Raising Helen,2004.0,Garry Marshall,Amber Valletta,1934
974,Ninja Assassin,2009.0,James McTeigue,Shô Kosugi,1967
975,For Love of the Game,1999.0,Sam Raimi,J.K. Simmons,1959
976,Striptease,1996.0,Andrew Bergman,Demi Moore,1945
977,Marmaduke,2010.0,Tom Dey,Emma Stone,1965
978,Hereafter,2010.0,Clint Eastwood,Matt Damon,1930
979,Murder by Numbers,2002.0,Barbet Schroeder,Ryan Gosling,1941
980,Assassins,1995.0,Richard Donner,Muse Watson,1930
982,The Story of Us,1999.0,Rob Reiner,Bruce Willis,1947
983,The Host,2013.0,Andrew Niccol,J.D. Evermore,1964
984,Basic,2003.0,John McTiernan,Connie Nielsen,1951
985,Blood Work,2002.0,Clint Eastwood,Clint Eastwood,1930
986,The International,2009.0,Tom Tykwer,Naomi Watts,1965
987,Escape from L.A.,1996.0,John Carpenter,Steve Buscemi,1948
988,The Iron Giant,1999.0,Brad Bird,Vin Diesel,1957
989,The Life Aquatic with Steve Zissou,2004.0,Wes Anderson,Bill Murray,1969
990,Free State of Jones,2016.0,Gary Ross,Matthew McConaughey,1956
991,The Life of David Gale,2003.0,Alan Parker,Kevin Spacey,1944
992,Man of the House,2005.0,Stephen Herek,Christina Milian,1958
993,Run All Night,2015.0,Jaume Collet-Serra,Liam Neeson,1974
994,Eastern Promises,2007.0,David Cronenberg,Viggo Mortensen,1943
996,The Messenger: The Story of Joan of Arc,1999.0,Luc Besson,Paul Brooke,1959
997,Your Highness,2011.0,David Gordon Green,Natalie Portman,1975
998,Dream House,2011.0,Jim Sheridan,Naomi Watts,1949
999,Mad City,1997.0,Costa-Gavras,Mia Kirshner,1933
1000,Baby's Day Out,1994.0,Patrick Read Johnson,Joe Mantegna,1962
1001,The Scarlet Letter,1995.0,Roland Joffé,Gary Oldman,1945
1002,Fair Game,2010.0,Doug Liman,Naomi Watts,1965
1003,Domino,2005.0,Tony Scott,Ian Ziering,1944
1004,Jade,1995.0,William Friedkin,Michael Biehn,1935
1005,Gamer,2009.0,Mark Neveldine,Gerard Butler,1973
1006,Beautiful Creatures,2013.0,Richard LaGravenese,Alden Ehrenreich,1959
1007,Death to Smoochy,2002.0,Danny DeVito,Robin Williams,1944
1008,Zoolander 2,2016.0,Ben Stiller,Milla Jovovich,1965
1009,The Big Bounce,2004.0,George Armitage,Morgan Freeman,1942
1010,What Planet Are You From?,2000.0,Mike Nichols,Judy Greer,1931
1012,Street Fighter: The Legend of Chun-Li,2009.0,Andrzej Bartkowiak,Chris Klein,1950
1014,The Adventures of Ford Fairlane,1990.0,Renny Harlin,Lauren Holly,1959
1015,Pirate Radio,2009.0,Richard Curtis,Philip Seymour Hoffman,1956
1016,Traffic,2000.0,Steven Soderbergh,Michael O'Neill,1963
1017,Indiana Jones and the Last Crusade,1989.0,Steven Spielberg,Harrison Ford,1946
1018,Anna Karenina,2012.0,Joe Wright,Kelly Macdonald,1972
1019,Chappie,2015.0,Neill Blomkamp,Hugh Jackman,1979
1020,The Bone Collector,1999.0,Phillip Noyce,Denzel Washington,1950
1021,Panic Room,2002.0,David Fincher,Kristen Stewart,1962
1022,The Tooth Fairy,2006.0,Chuck Bowman,P.J. Soles,1937
1023,Three Kings,1999.0,David O. Russell,Judy Greer,1958
1024,Child 44,2015.0,Daniel Espinosa,Tom Hardy,1977
1025,Rat Race,2001.0,Jerry Zucker,Corinna Harney,1950
1026,K-PAX,2001.0,Iain Softley,Kevin Spacey,1956
1027,Kate & Leopold,2001.0,James Mangold,Hugh Jackman,1963
1028,Bedazzled,2000.0,Harold Ramis,Brendan Fraser,1944
1029,The Cotton Club,1984.0,Francis Ford Coppola,Nicolas Cage,1939
1030,3:10 to Yuma,2007.0,James Mangold,Christian Bale,1963
1031,Taken 3,2014.0,Olivier Megaton,Liam Neeson,1965
1032,Out of Sight,1998.0,Steven Soderbergh,Don Cheadle,1963
1033,The Cable Guy,1996.0,Ben Stiller,Matthew Broderick,1965
1034,Earth,1998.0,Deepa Mehta,Nandita Das,1950
1035,Dick Tracy,1990.0,Warren Beatty,Charlie Korsmo,1937
1036,The Thomas Crown Affair,1999.0,John McTiernan,Mark Margolis,1951
1037,Riding in Cars with Boys,2001.0,Penny Marshall,Rosie Perez,1943
1038,First Blood,1982.0,Ted Kotcheff,Sylvester Stallone,1931
1039,Solaris,1972.0,Andrei Tarkovsky,Donatas Banionis,1932
1041,Mary Reilly,1996.0,Stephen Frears,Julia Roberts,1941
1042,My Best Friend's Wedding,1997.0,P.J. Hogan,Julia Roberts,1962
1043,America's Sweethearts,2001.0,Joe Roth,Julia Roberts,1948
1044,Insomnia,2002.0,Christopher Nolan,Al Pacino,1970
1045,Star Trek: First Contact,1996.0,Jonathan Frakes,LeVar Burton,1952
1046,Jonah Hex,2010.0,Jimmy Hayward,Michael Fassbender,1970
1047,Courage Under Fire,1996.0,Edward Zwick,Denzel Washington,1952
1048,Liar Liar,1997.0,Tom Shadyac,Maura Tierney,1958
1051,The Flintstones,1994.0,Brian Levant,Jonathan Winters,1952
1052,Taken 2,2012.0,Olivier Megaton,Liam Neeson,1965
1053,Scary Movie 3,2003.0,David Zucker,Regina Hall,1947
1054,Miss Congeniality,2000.0,Donald Petrie,Candice Bergen,1954
1056,The Princess Diaries 2: Royal Engagement,2004.0,Garry Marshall,Anne Hathaway,1934
1057,The Pelican Brief,1993.0,Alan J. Pakula,Denzel Washington,1928
1058,The Client,1994.0,Joel Schumacher,Bradley Whitford,1939
1059,The Bucket List,2007.0,Rob Reiner,Morgan Freeman,1947
1060,Patriot Games,1992.0,Phillip Noyce,Harrison Ford,1950
1061,Monster-in-Law,2005.0,Robert Luketic,Adam Scott,1973
1062,Prisoners,2013.0,Denis Villeneuve,Hugh Jackman,1967
1063,Training Day,2001.0,Antoine Fuqua,Denzel Washington,1965
1064,Galaxy Quest,1999.0,Dean Parisot,Alan Rickman,1952
1065,Scary Movie 2,2001.0,Keenen Ivory Wayans,Natasha Lyonne,1958
1069,Changing Lanes,2002.0,Roger Michell,Sydney Pollack,1956
1072,Love Actually,2003.0,Richard Curtis,Colin Firth,1956
1073,A Bug's Life,1998.0,John Lasseter,Kevin Spacey,1957
1074,From Hell,2001.0,Albert Hughes,Johnny Depp,1972
1076,Tin Cup,1996.0,Ron Shelton,Don Johnson,1945
1077,"Yours, Mine and Ours",1968.0,Melville Shavelson,Lucille Ball,1917
1078,Kicking & Screaming,2005.0,Jesse Dylan,Josh Hutcherson,1966
1080,Fat Albert,2004.0,Joel Zwick,Dania Ramirez,1942
1081,Resident Evil: Extinction,2007.0,Russell Mulcahy,Milla Jovovich,1953
1082,Blended,2014.0,Frank Coraci,Bella Thorne,1966
1083,Last Holiday,2006.0,Wayne Wang,LL Cool J,1949
1084,The River Wild,1994.0,Curtis Hanson,Meryl Streep,1945
1085,The Indian in the Cupboard,1995.0,Frank Oz,Steve Coogan,1944
1086,Savages,2012.0,Oliver Stone,Demián Bichir,1946
1087,Cellular,2004.0,David R. Ellis,Richard Burgi,1952
1088,Johnny English,2003.0,Peter Howitt,Kevin McNally,1957
1089,The Ant Bully,2006.0,John A. Davis,Nicolas Cage,1961
1090,Dune,1984.0,David Lynch,Virginia Madsen,1946
1091,Across the Universe,2007.0,Julie Taymor,Jim Sturgess,1952
1092,Revolutionary Road,2008.0,Sam Mendes,Leonardo DiCaprio,1965
1093,16 Blocks,2006.0,Richard Donner,Bruce Willis,1930
1094,Babylon A.D.,2008.0,Mathieu Kassovitz,Vin Diesel,1967
1096,Multiplicity,1996.0,Harold Ramis,John de Lancie,1944
1098,The Pledge,2001.0,Sean Penn,Costas Mandylor,1960
1099,The Producers,2005.0,Susan Stroman,Jon Lovitz,1954
1102,All the Pretty Horses,2000.0,Billy Bob Thornton,Matt Damon,1955
1103,Nixon,1995.0,Oliver Stone,Anthony Hopkins,1946
1104,The Ghost Writer,2010.0,Roman Polanski,Jim Belushi,1933
1105,Deep Rising,1998.0,Stephen Sommers,Djimon Hounsou,1962
1106,Miracle at St. Anna,2008.0,Spike Lee,Joseph Gordon-Levitt,1957
1107,Curse of the Golden Flower,2006.0,Yimou Zhang,Li Gong,1951
1109,Big Trouble,2002.0,Barry Sonnenfeld,Zooey Deschanel,1953
1111,Shadow Conspiracy,1997.0,George P. Cosmatos,Sam Waterston,1941
1112,Johnny English Reborn,2011.0,Oliver Parker,Daniel Kaluuya,1960
1113,Foodfight!,2012.0,Lawrence Kasanoff,Jerry Stiller,1959
1114,Argo,2012.0,Ben Affleck,Clea DuVall,1972
1116,The Bounty Hunter,2010.0,Andy Tennant,Gerard Butler,1955
1117,Sleepers,1996.0,Barry Levinson,Robert De Niro,1942
1118,Rambo: First Blood Part II,1985.0,George P. Cosmatos,Sylvester Stallone,1941
1121,Heaven's Gate,1980.0,Michael Cimino,Jeff Bridges,1939
1122,Underworld: Evolution,2006.0,Len Wiseman,Sophia Myles,1973
1124,Finding Forrester,2000.0,Gus Van Sant,F. Murray Abraham,1952
1125,28 Days,2000.0,Betty Thomas,Steve Buscemi,1947
1126,Unleashed,2005.0,Louis Leterrier,Morgan Freeman,1973
1127,The Sweetest Thing,2002.0,Roger Kumble,Judith Chapman,1966
1128,The Firm,1993.0,Sydney Pollack,Tom Cruise,1934
1129,Charlie St. Cloud,2010.0,Burr Steers,Augustus Prew,1965
1130,The Mechanic,2011.0,Simon West,Jason Statham,1961
1131,21 Jump Street,2012.0,Phil Lord,Channing Tatum,1975
1132,Notting Hill,1999.0,Roger Michell,Julia Roberts,1956
1133,Chicken Run,2000.0,Peter Lord,Imelda Staunton,1953
1134,Along Came Polly,2004.0,John Hamburg,Philip Seymour Hoffman,1970
1135,Boomerang,1992.0,Reginald Hudlin,John Witherspoon,1961
1136,The Heat,2013.0,Paul Feig,Michael Rapaport,1962
1137,Cleopatra,1963.0,Joseph L. Mankiewicz,Martin Landau,1909
1138,Here Comes the Boom,2012.0,Frank Coraci,Salma Hayek,1966
1139,High Crimes,2002.0,Carl Franklin,Morgan Freeman,1949
1140,The Mirror Has Two Faces,1996.0,Barbra Streisand,Jeff Bridges,1942
1141,The Mothman Prophecies,2002.0,Mark Pellington,Debra Messing,1962
1144,Red Riding Hood,2011.0,Catherine Hardwicke,Gary Oldman,1955
1145,15 Minutes,2001.0,John Herzfeld,Robert De Niro,1947
1146,Super Mario Bros.,1993.0,Annabel Jankel,Bob Hoskins,1955
1147,Lord of War,2005.0,Andrew Niccol,Nicolas Cage,1964
1148,Hero,2002.0,Yimou Zhang,Jet Li,1951
1150,The Interview,2014.0,Evan Goldberg,James Franco,1982
1152,Micmacs,2009.0,Jean-Pierre Jeunet,Omar Sy,1953
1153,8 Mile,2002.0,Curtis Hanson,Mekhi Phifer,1945
1154,Animal Kingdom: Let's go Ape,2015.0,Jamel Debbouze,Jamel Debbouze,1975
1155,A Knight's Tale,2001.0,Brian Helgeland,Heath Ledger,1961
1156,The Medallion,2003.0,Gordon Chan,Julian Sands,1960
1157,The Sixth Sense,1999.0,M. Night Shyamalan,Bruce Willis,1970
1159,The Big Year,2011.0,David Frankel,Joel McHale,1959
1160,The Karate Kid,1984.0,John G. Avildsen,Martin Kove,1935
1161,American Hustle,2013.0,David O. Russell,Jennifer Lawrence,1958
1162,The Proposal,2009.0,Anne Fletcher,Ryan Reynolds,1966
1163,Double Jeopardy,1999.0,Bruce Beresford,Bruce Greenwood,1940
1164,Back to the Future Part II,1989.0,Robert Zemeckis,Lea Thompson,1952
1165,Lucy,2014.0,Luc Besson,Scarlett Johansson,1959
1166,Fifty Shades of Grey,2015.0,Sam Taylor-Johnson,Jennifer Ehle,1967
1167,Spy Kids 3-D: Game Over,2003.0,Robert Rodriguez,Sylvester Stallone,1968
1168,A Time to Kill,1996.0,Joel Schumacher,Kevin Spacey,1939
1169,Cheaper by the Dozen,2003.0,Shawn Levy,Tom Welling,1968
1170,Lone Survivor,2013.0,Peter Berg,Jerry Ferrara,1964
1171,A League of Their Own,1992.0,Penny Marshall,Tom Hanks,1943
1172,The Conjuring 2,2016.0,James Wan,Javier Botet,1977
1173,The Social Network,2010.0,David Fincher,Andrew Garfield,1962
1174,He's Just Not That Into You,2009.0,Ken Kwapis,Carmen Perez,1957
1175,Scary Movie 4,2006.0,David Zucker,Beau Mirchoff,1947
1176,Scream 3,2000.0,Wes Craven,Kelly Rutherford,1939
1177,Back to the Future Part III,1990.0,Robert Zemeckis,Lea Thompson,1952
1178,Get Hard,2015.0,Etan Cohen,Will Ferrell,1974
1179,Bram Stoker's Dracula,1992.0,Francis Ford Coppola,Keanu Reeves,1939
1180,Julie & Julia,2009.0,Nora Ephron,Meryl Streep,1941
1181,42,2013.0,Brian Helgeland,Harrison Ford,1961
1182,The Talented Mr. Ripley,1999.0,Anthony Minghella,Philip Seymour Hoffman,1954
1183,Dumb and Dumber To,2014.0,Bobby Farrelly,Bill Murray,1958
1185,The Intern,2015.0,Nancy Meyers,Robert De Niro,1949
1187,The Last of the Mohicans,1992.0,Michael Mann,Wes Studi,1943
1188,Ray,2004.0,Taylor Hackford,Bokeem Woodbine,1944
1189,Sin City,2005.0,Frank Miller,Rosario Dawson,1957
1191,"I Love You, Man",2009.0,John Hamburg,J.K. Simmons,1970
1192,Shallow Hal,2001.0,Bobby Farrelly,Jason Alexander,1958
1193,JFK,1991.0,Oliver Stone,Sally Kirkland,1946
1195,The Mexican,2001.0,Gore Verbinski,J.K. Simmons,1964
1196,Unbroken,2014.0,Angelina Jolie Pitt,Finn Wittrock,1975
1197,17 Again,2009.0,Burr Steers,Matthew Perry,1965
1198,The Other Woman,2014.0,Nick Cassavetes,Don Johnson,1959
1199,The Final Destination,2009.0,David R. Ellis,Krista Allen,1952
1200,Bridge of Spies,2015.0,Steven Spielberg,Tom Hanks,1946
1202,Get Him to the Greek,2010.0,Nicholas Stoller,Pink,1976
1203,Shall We Dance,2004.0,Peter Chelsom,Lisa Ann Walter,1956
1204,Small Soldiers,1998.0,Joe Dante,Kirsten Dunst,1946
1205,Spawn,1997.0,Mark A.Z. Dippé,Michael Jai White,1956
1208,Unknown,2011.0,Jaume Collet-Serra,Liam Neeson,1974
1209,The Prestige,2006.0,Christopher Nolan,Christian Bale,1970
1210,Horrible Bosses 2,2014.0,Sean Anders,Kevin Spacey,1969
1211,Escape from Planet Earth,2013.0,Cal Brunker,Brendan Fraser,1978
1212,Apocalypto,2006.0,Mel Gibson,Rudy Youngblood,1956
1214,Predators,2010.0,Nimród Antal,Topher Grace,1973
1215,Legal Eagles,1986.0,Ivan Reitman,Brian Dennehy,1946
1216,Secret Window,2004.0,David Koepp,Johnny Depp,1963
1217,The Lake House,2006.0,Alejandro Agresti,Keanu Reeves,1961
1218,The Skeleton Key,2005.0,Iain Softley,Gena Rowlands,1956
1219,The Odd Life of Timothy Green,2012.0,Peter Hedges,Jennifer Garner,1962
1220,Made of Honor,2008.0,Paul Weiland,Busy Philipps,1953
1221,Jersey Boys,2014.0,Clint Eastwood,Johnny Cannizzaro,1930
1222,The Rainmaker,1997.0,Francis Ford Coppola,Matt Damon,1939
1223,Gothika,2003.0,Mathieu Kassovitz,Robert Downey Jr.,1967
1224,Amistad,1997.0,Steven Spielberg,Anthony Hopkins,1946
1225,Medicine Man,1992.0,John McTiernan,Lorraine Bracco,1951
1226,Aliens vs. Predator: Requiem,2007.0,Colin Strause,Sam Trammell,1975
1227,Ri¢hie Ri¢h,1994.0,Donald Petrie,Macaulay Culkin,1954
1228,Autumn in New York,2000.0,Joan Chen,J.K. Simmons,1961
1229,Music and Lyrics,2007.0,Marc Lawrence,Brad Garrett,1910
1230,Paul,2011.0,Greg Mottola,Bobby Lee,1964
1231,The Guilt Trip,2012.0,Anne Fletcher,Miriam Margolyes,1966
1232,Scream 4,2011.0,Wes Craven,Alison Brie,1939
1233,8MM,1999.0,Joel Schumacher,Nicolas Cage,1939
1234,The Doors,1991.0,Oliver Stone,Michael Wincott,1946
1235,Sex Tape,2014.0,Jake Kasdan,James Wilcox,1974
1236,Hanging Up,2000.0,Diane Keaton,Adam Arkin,1946
1239,Pay It Forward,2000.0,Mimi Leder,Kevin Spacey,1952
1240,Fever Pitch,2005.0,Bobby Farrelly,Jimmy Fallon,1958
1242,A Million Ways to Die in the West,2014.0,Seth MacFarlane,Liam Neeson,1973
1243,The Shadow,1994.0,Russell Mulcahy,Jonathan Winters,1953
1244,Extremely Loud & Incredibly Close,2011.0,Stephen Daldry,Tom Hanks,1960
1245,Morning Glory,2010.0,Roger Michell,Noah Bean,1956
1246,Get Rich or Die Tryin',2005.0,Jim Sheridan,50 Cent,1949
1249,Bless the Child,2000.0,Chuck Russell,Rufus Sewell,1958
1251,The Island of Dr. Moreau,1996.0,John Frankenheimer,Marlon Brando,1930
1252,The Musketeer,2001.0,Peter Hyams,Catherine Deneuve,1943
1253,The Other Boleyn Girl,2008.0,Justin Chadwick,Natalie Portman,1968
1256,Mean Streets,1973.0,Martin Scorsese,Robert De Niro,1942
1257,Renaissance Man,1994.0,Penny Marshall,Ed Begley Jr.,1943
1258,Colombiana,2011.0,Olivier Megaton,Jordi Mollà,1965
1259,The Magic Sword: Quest for Camelot,1998.0,Frederik Du Chau,Gary Oldman,1965
1260,City by the Sea,2002.0,Michael Caton-Jones,Robert De Niro,1957
1261,At First Sight,1999.0,Irwin Winkler,Mira Sorvino,1931
1263,City Hall,1996.0,Harold Becker,Al Pacino,1928
1264,Showgirls,1995.0,Paul Verhoeven,Bobbie Phillips,1938
1265,Marie Antoinette,2006.0,Sofia Coppola,Kirsten Dunst,1971
1266,Kiss of Death,1995.0,Barbet Schroeder,Nicolas Cage,1941
1268,The Impossible,2012.0,J.A. Bayona,Naomi Watts,1975
1269,Ishtar,1987.0,Elaine May,Carol Kane,1932
1270,Fantastic Mr. Fox,2009.0,Wes Anderson,Bill Murray,1969
1271,Life or Something Like It,2002.0,Stephen Herek,Angelina Jolie Pitt,1958
1272,Memoirs of an Invisible Man,1992.0,John Carpenter,Richard Epcar,1948
1273,Amélie,2001.0,Jean-Pierre Jeunet,Mathieu Kassovitz,1953
1275,Alfie,2004.0,Charles Shyer,Omar Epps,1951
1276,Big Miracle,2012.0,Ken Kwapis,Ted Danson,1957
1277,The Deep End of the Ocean,1999.0,Ulu Grosbard,Alexa PenaVega,1929
1281,Duplex,2003.0,Danny DeVito,Justin Theroux,1944
1282,Soul Men,2008.0,Malcolm D. Lee,Bernie Mac,1970
1283,Raise the Titanic,1980.0,Jerry Jameson,M. Emmet Walsh,1934
1285,Pandorum,2009.0,Christian Alvart,Norman Reedus,1974
1286,Impostor,2001.0,Gary Fleder,Gary Dourdan,1965
1288,Just Visiting,2001.0,Jean-Marie Poiré,Bridgette Wilson-Sampras,1945
1289,Sunshine,2007.0,Danny Boyle,Chris Evans,1956
1290,A Thousand Words,2012.0,Brian Robbins,John Gatins,1963
1292,The Gunman,2015.0,Pierre Morel,Ray Winstone,1964
1294,Disturbia,2007.0,D.J. Caruso,Sarah Roemer,1965
1295,Hackers,1995.0,Iain Softley,Angelina Jolie Pitt,1956
1297,The Hudsucker Proxy,1994.0,Joel Coen,Jennifer Jason Leigh,1954
1298,The Warlords,2007.0,Peter Ho-Sun Chan,Jet Li,1962
1299,Nomad: The Warrior,2005.0,Sergey Bodrov,Jay Hernandez,1948
1300,Snowpiercer,2013.0,Joon-ho Bong,Chris Evans,1969
1301,A Monster in Paris,2011.0,Bibo Bergeron,Adam Goldberg,1965
1302,The Last Shot,2004.0,Jeff Nathanson,Matthew Broderick,1965
1303,The Crow,1994.0,Alex Proyas,Michael Wincott,1963
1304,Baahubali: The Beginning,2015.0,S.S. Rajamouli,Tamannaah Bhatia,1973
1305,The Time Traveler's Wife,2009.0,Robert Schwentke,Arliss Howard,1968
1306,Because I Said So,2007.0,Michael Lehmann,Colin Ferguson,1957
1307,The Fast and the Furious,2001.0,Rob Cohen,Paul Walker,1949
1308,Frankenweenie,2012.0,Tim Burton,Martin Landau,1958
1309,Serenity,2005.0,Joss Whedon,Adam Baldwin,1964
1310,Against the Ropes,2004.0,Charles S. Dutton,Omar Epps,1951
1311,Superman III,1983.0,Richard Lester,Margot Kidder,1932
1313,Red Cliff,2008.0,John Woo,Takeshi Kaneshiro,1946
1314,Sweet Home Alabama,2002.0,Andy Tennant,Ethan Embry,1955
1315,The Ugly Truth,2009.0,Robert Luketic,Gerard Butler,1973
1316,Sgt. Bilko,1996.0,Jonathan Lynn,Austin Pendleton,1943
1317,Spy Kids 2: Island of Lost Dreams,2002.0,Robert Rodriguez,Steve Buscemi,1968
1320,Water for Elephants,2011.0,Francis Lawrence,Robert Pattinson,1971
1322,The Hurricane,1999.0,Norman Jewison,Denzel Washington,1926
1323,Enough,2002.0,Michael Apted,Bill Cobbs,1941
1326,Angel Eyes,2001.0,Luis Mandoki,Sonia Braga,1954
1327,Joe Somebody,2001.0,John Pasquin,Jim Belushi,1944
1328,The Ninth Gate,1999.0,Roman Polanski,Johnny Depp,1933
1329,Extreme Measures,1996.0,Michael Apted,J.K. Simmons,1941
1330,Rock Star,2001.0,Stephen Herek,Beth Grant,1958
1331,Precious,2009.0,Lee Daniels,Mo'Nique,1959
1332,White Squall,1996.0,Ridley Scott,Jeff Bridges,1937
1333,The Thing,1982.0,John Carpenter,Wilford Brimley,1948
1334,Riddick,2013.0,David Twohy,Vin Diesel,1955
1335,Switchback,1997.0,Jeb Stuart,Gregory Scott Cummins,1833
1336,Texas Rangers,2001.0,Steve Miner,Tom Skerritt,1951
1337,City of Ember,2008.0,Gil Kenan,Bill Murray,1976
1338,The Master,2012.0,Paul Thomas Anderson,Mike Howard,1970
1339,Virgin Territory,2007.0,David Leland,Hayden Christensen,1941
1340,The Express,2008.0,Gary Fleder,Dennis Quaid,1965
1342,Creed,2015.0,Ryan Coogler,Sylvester Stallone,1986
1343,The Town,2010.0,Ben Affleck,Jeremy Renner,1972
1345,Burn After Reading,2008.0,Ethan Coen,J.K. Simmons,1954
1347,Rush,2013.0,Ron Howard,Chris Hemsworth,1954
1348,Magnolia,1999.0,Paul Thomas Anderson,Patton Oswalt,1970
1349,Cop Out,2010.0,Kevin Smith,Bruce Willis,1970
1350,How to Be Single,2016.0,Christian Ditter,Alison Brie,1977
1351,Dolphin Tale,2011.0,Charles Martin Smith,Morgan Freeman,1953
1352,Twilight,2008.0,Catherine Hardwicke,Kristen Stewart,1955
1353,John Q,2002.0,Nick Cassavetes,Denzel Washington,1959
1354,Blue Streak,1999.0,Les Mayfield,Peter Greene,1959
1355,We're the Millers,2013.0,Rawson Marshall Thurber,Laura-Leigh,1975
1356,Obitaemyy ostrov,2009.0,Fedor Bondarchuk,Yuliya Snigir,1967
1357,Breakdown,1997.0,Jonathan Mostow,Kathleen Quinlan,1961
1358,Never Say Never Again,1983.0,Irvin Kershner,Bernie Casey,1923
1359,Hot Tub Time Machine,2010.0,Steve Pink,Charlie McDermott,1966
1360,Dolphin Tale 2,2014.0,Charles Martin Smith,Morgan Freeman,1953
1361,Reindeer Games,2000.0,John Frankenheimer,Charlize Theron,1930
1362,A Man Apart,2003.0,F. Gary Gray,Vin Diesel,1969
1363,Aloha,2015.0,Cameron Crowe,Emma Stone,1957
1364,Ghosts of Mississippi,1996.0,Rob Reiner,Alexa PenaVega,1947
1367,Gattaca,1997.0,Andrew Niccol,Blair Underwood,1964
1368,Isn't She Great,2000.0,Andrew Bergman,Stockard Channing,1945
1369,Space Chimps,2008.0,Kirk De Micco,Cheryl Hines,1969
1370,Head of State,2003.0,Chris Rock,Bernie Mac,1965
1371,The Hangover,2009.0,Todd Phillips,Bradley Cooper,1970
1372,Ip Man 3,2015.0,Wilson Yip,Mike Tyson,1964
1373,Austin Powers: The Spy Who Shagged Me,1999.0,Jay Roach,Muse Watson,1957
1374,Batman,1989.0,Tim Burton,Michael Gough,1958
1375,There Be Dragons,2011.0,Roland Joffé,Jordi Mollà,1945
1376,Lethal Weapon 3,1992.0,Richard Donner,Rene Russo,1930
1377,The Blind Side,2009.0,John Lee Hancock,Catherine Dyer,1956
1378,Spy Kids,2001.0,Robert Rodriguez,Alexa PenaVega,1968
1380,True Grit,2010.0,Ethan Coen,Matt Damon,1954
1381,The Devil Wears Prada,2006.0,David Frankel,Meryl Streep,1959
1382,Star Trek: The Motion Picture,1979.0,Robert Wise,Leonard Nimoy,1914
1384,Cape Fear,1991.0,Martin Scorsese,Robert De Niro,1942
1385,21,2008.0,Robert Luketic,Kevin Spacey,1973
1386,Trainwreck,2015.0,Judd Apatow,Amy Schumer,1967
1387,Guess Who,2005.0,Kevin Rodney Sullivan,Bernie Mac,1958
1388,The English Patient,1996.0,Anthony Minghella,Colin Firth,1954
1389,L.A. Confidential,1997.0,Curtis Hanson,Kevin Spacey,1945
1391,In & Out,1997.0,Frank Oz,Tom Selleck,1944
1392,Species,1995.0,Roger Donaldson,Natasha Henstridge,1945
1393,A Nightmare on Elm Street,1984.0,Wes Craven,Johnny Depp,1939
1394,The Cell,2000.0,Tarsem Singh,Dylan Baker,1961
1395,The Man in the Iron Mask,1998.0,Randall Wallace,Leonardo DiCaprio,1949
1396,Secretariat,2010.0,Randall Wallace,Scott Glenn,1949
1397,TMNT,2007.0,Kevin Munroe,Chris Evans,1972
1399,Friends with Benefits,2011.0,Will Gluck,Mila Kunis,1978
1400,Neighbors 2: Sorority Rising,2016.0,Nicholas Stoller,Chloë Grace Moretz,1976
1401,Saving Mr. Banks,2013.0,John Lee Hancock,Tom Hanks,1956
1402,Malcolm X,1992.0,Spike Lee,Denzel Washington,1957
1403,This Is 40,2012.0,Judd Apatow,Charlyne Yi,1967
1405,Underworld: Rise of the Lycans,2009.0,Patrick Tatopoulos,Craig Parker,1957
1406,License to Wed,2007.0,Ken Kwapis,Robin Williams,1957
1407,The Benchwarmers,2006.0,Dennis Dugan,Jon Lovitz,1946
1408,Must Love Dogs,2005.0,Gary David Goldberg,Stockard Channing,1944
1410,Resident Evil,2002.0,Paul W.S. Anderson,Milla Jovovich,1965
1411,Poltergeist,1982.0,Tobe Hooper,Heather O'Rourke,1943
1412,The Ladykillers,2004.0,Ethan Coen,J.K. Simmons,1954
1414,In Time,2011.0,Andrew Niccol,Matt Bomer,1964
1415,The Back-up Plan,2010.0,Alan Poul,Danneel Ackles,1954
1416,Something Borrowed,2011.0,Luke Greenfield,Ashley Williams,1972
1417,Black Knight,2001.0,Gil Junger,Tom Wilkinson,1954
1419,Street Fighter,1994.0,Steven E. de Souza,Ming-Na Wen,1947
1420,The Pianist,2002.0,Roman Polanski,Emilia Fox,1933
1421,From Hell,2001.0,Albert Hughes,Johnny Depp,1972
1422,The Nativity Story,2006.0,Catherine Hardwicke,Keisha Castle-Hughes,1955
1423,House of Wax,2005.0,Jaume Collet-Serra,Robert Ri'chard,1974
1424,Closer,2004.0,Mike Nichols,Natalie Portman,1931
1425,J. Edgar,2011.0,Clint Eastwood,Leonardo DiCaprio,1930
1426,Mirrors,2008.0,Alexandre Aja,Jason Flemyng,1978
1429,Untraceable,2008.0,Gregory Hoblit,Billy Burke,1944
1431,Flash Gordon,1980.0,Mike Hodges,Brian Blessed,1932
1432,Jersey Girl,2004.0,Kevin Smith,Stephen Root,1970
1433,Alex Cross,2012.0,Rob Cohen,Cicely Tyson,1949
1434,Midnight in the Garden of Good and Evil,1997.0,Clint Eastwood,Kevin Spacey,1930
1437,Hoffa,1992.0,Danny DeVito,Frank Whaley,1944
1440,Concussion,2015.0,Peter Landesman,Will Smith,1965
1441,Abduction,2011.0,John Singleton,Ken Arnold,1968
1443,Wonder Boys,2000.0,Curtis Hanson,Robert Downey Jr.,1945
1446,Cursed,2005.0,Wes Craven,Shannon Elizabeth,1939
1447,Premium Rush,2012.0,David Koepp,Joseph Gordon-Levitt,1963
1448,Hot Pursuit,2015.0,Anne Fletcher,Jim Gaffigan,1966
1449,The Four Feathers,2002.0,Shekhar Kapur,Djimon Hounsou,1945
1450,Parker,2013.0,Taylor Hackford,Jason Statham,1944
1451,Wimbledon,2004.0,Richard Loncraine,Kirsten Dunst,1946
1452,Furry Vengeance,2010.0,Roger Kumble,Brendan Fraser,1966
1454,Krull,1983.0,Peter Yates,Liam Neeson,1929
1455,Lions for Lambs,2007.0,Robert Redford,Meryl Streep,1936
1456,Flight of the Intruder,1991.0,John Milius,Rosanna Arquette,1944
1457,Walk Hard: The Dewey Cox Story,2007.0,Jake Kasdan,Tim Meadows,1974
1458,The Shipping News,2001.0,Lasse Hallström,Kevin Spacey,1946
1459,American Outlaws,2001.0,Les Mayfield,Gregory Smith,1959
1460,The Young Victoria,2009.0,Jean-Marc Vallée,Michiel Huisman,1963
1461,Whiteout,2009.0,Dominic Sena,Tom Skerritt,1949
1462,The Tree of Life,2011.0,Terrence Malick,Brad Pitt,1943
1463,Knock Off,1998.0,Hark Tsui,Paul Sorvino,1950
1464,Sabotage,2014.0,David Ayer,Mireille Enos,1968
1465,The Order,2003.0,Brian Helgeland,Heath Ledger,1961
1466,Punisher: War Zone,2008.0,Lexi Alexander,Julie Benz,1974
1468,The Walk,2015.0,Robert Zemeckis,Joseph Gordon-Levitt,1952
1470,A Good Year,2006.0,Ridley Scott,Archie Panjabi,1937
1471,Radio Flyer,1992.0,Richard Donner,Adam Baldwin,1930
1472,"Blood In, Blood Out",1993.0,Taylor Hackford,Delroy Lindo,1944
1473,Smilla's Sense of Snow,1997.0,Bille August,Jim Broadbent,1948
1474,Femme Fatale,2002.0,Brian De Palma,Peter Coyote,1940
1475,Lion of the Desert,1980.0,Moustapha Akkad,Oliver Reed,1930
1476,The Horseman on the Roof,1995.0,Jean-Paul Rappeneau,Olivier Martinez,1932
1477,Ride with the Devil,1999.0,Ang Lee,Jeremy W. Auman,1954
1478,Biutiful,2010.0,Alejandro G. Iñárritu,Maricel Álvarez,1963
1479,The Lovers,2015.0,Roland Joffé,Tamsin Egerton,1945
1480,Bandidas,2006.0,Joachim Rønning,Salma Hayek,1972
1482,The Maze Runner,2014.0,Wes Ball,Ki Hong Lee,1980
1483,Unfinished Business,2015.0,Ken Scott,Tom Wilkinson,1947
1484,The Age of Innocence,1993.0,Martin Scorsese,Richard E. Grant,1942
1485,The Fountain,2006.0,Darren Aronofsky,Hugh Jackman,1969
1487,Stolen,2012.0,Simon West,Nicolas Cage,1961
1488,Ponyo,2008.0,Hayao Miyazaki,Rumi Hiiragi,1941
1489,The Longest Ride,2015.0,George Tillman Jr.,Tiago Riani,1969
1491,I Dreamed of Africa,2000.0,Hugh Hudson,Liam Aiken,1936
1492,Playing for Keeps,2012.0,Gabriele Muccino,Gerard Butler,1967
1493,Mandela: Long Walk to Freedom,2013.0,Justin Chadwick,Terry Pheto,1968
1494,Reds,1981.0,Warren Beatty,Paul Sorvino,1937
1495,A Few Good Men,1992.0,Rob Reiner,Tom Cruise,1947
1496,Exit Wounds,2001.0,Andrzej Bartkowiak,Michael Jai White,1950
1497,Big Momma's House,2000.0,Raja Gosnell,Nia Long,1958
