,entity1,entity2,common_entity,entity3
0,L. Messi,FC Barcelona,barcelona,"1992,"
1,Cristiano Ronaldo,Juventus,turin, 
2,Neymar Jr,Paris Saint-Germain,paris,"1924,1900,"
3,E. Hazard,Real Madrid CF,madrid, 
4,K. De Bruyne,Manchester City,manchester, 
5,J. Oblak,Atlético de Madrid,madrid, 
6,L. Modrić,Real Madrid CF,madrid, 
7,M. ter Stegen,FC Barcelona,barcelona,"1992,"
8,V. van Dijk,Liverpool,liverpool, 
9,M. Salah,Liverpool,liverpool, 
10,G. Chiellini,Juventus,turin, 
11,S. Agüero,Manchester City,manchester, 
12,Sergio Ramos,Real Madrid CF,madrid, 
13,L. Suárez,FC Barcelona,barcelona,"1992,"
14,R. Lewandowski,FC Bayern München,munich,"1972,"
15,Sergio Busquets,FC Barcelona,barcelona,"1992,"
16,De Gea,Manchester United,manchester, 
17,A. Griezmann,FC Barcelona,barcelona,"1992,"
18,K. Koulibaly,Napoli,naples, 
19,H. Kane,Tottenham Hotspur,london,"2012,1948,1908,"
20,Alisson,Liverpool,liverpool, 
21,N. Kanté,Chelsea,london,"2012,1948,1908,"
22,K. Mbappé,Paris Saint-Germain,paris,"1924,1900,"
23,Piqué,FC Barcelona,barcelona,"1992,"
24,S. Handanovič,Inter,milan, 
25,M. Neuer,FC Bayern München,munich,"1972,"
26,H. Lloris,Tottenham Hotspur,london,"2012,1948,1908,"
27,David Silva,Manchester City,manchester, 
28,E. Cavani,Paris Saint-Germain,paris,"1924,1900,"
29,D. Godín,Inter,milan, 
30,T. Kroos,Real Madrid CF,madrid, 
31,M. Reus,Borussia Dortmund,dortmund, 
32,P. Aubameyang,Arsenal,london,"2012,1948,1908,"
33,C. Eriksen,Tottenham Hotspur,london,"2012,1948,1908,"
34,T. Courtois,Real Madrid CF,madrid, 
35,P. Pogba,Manchester United,manchester, 
36,R. Sterling,Manchester City,manchester, 
37,S. Mané,Liverpool,liverpool, 
38,Ederson,Manchester City,manchester, 
39,P. Dybala,Juventus,turin, 
40,Fernandinho,Manchester City,manchester, 
41,Thiago Silva,Paris Saint-Germain,paris,"1924,1900,"
42,K. Benzema,Real Madrid CF,madrid, 
43,J. Vertonghen,Tottenham Hotspur,london,"2012,1948,1908,"
44,D. Mertens,Napoli,naples, 
45,M. Hummels,Borussia Dortmund,dortmund, 
46,T. Alderweireld,Tottenham Hotspur,london,"2012,1948,1908,"
47,Jordi Alba,FC Barcelona,barcelona,"1992,"
48,Thiago,FC Bayern München,munich,"1972,"
49,K. Navas,Real Madrid CF,madrid, 
50,L. Insigne,Napoli,naples, 
51,H. Son,Tottenham Hotspur,london,"2012,1948,1908,"
52,Casemiro,Real Madrid CF,madrid, 
53,A. Laporte,Manchester City,manchester, 
54,Bernardo Silva,Manchester City,manchester, 
55,I. Rakitić,FC Barcelona,barcelona,"1992,"
56,M. Pjanić,Juventus,turin, 
57,Á. Di María,Paris Saint-Germain,paris,"1924,1900,"
58,L. Bonucci,Juventus,turin, 
59,W. Szczęsny,Juventus,turin, 
60,Coutinho,FC Bayern München,munich,"1972,"
61,Parejo,Valencia CF,valencia, 
62,T. Müller,FC Bayern München,munich,"1972,"
63,C. Immobile,Lazio,rome,"1960,"
64,A. Lacazette,Arsenal,london,"2012,1948,1908,"
65,Isco,Real Madrid CF,madrid, 
66,M. Verratti,Paris Saint-Germain,paris,"1924,1900,"
67,Roberto Firmino,Liverpool,liverpool, 
68,S. Umtiti,FC Barcelona,barcelona,"1992,"
69,Marquinhos,Paris Saint-Germain,paris,"1924,1900,"
70,J. Kimmich,FC Bayern München,munich,"1972,"
71,L. Sané,Manchester City,manchester, 
72,M. Škriniar,Inter,milan, 
73,Z. Ibrahimović,LA Galaxy,los angeles,"1984,1932,"
74,A. Gómez,Atalanta,bergamo, 
75,G. Higuaín,Juventus,turin, 
76,B. Matuidi,Juventus,turin, 
77,G. Bale,Real Madrid CF,madrid, 
78,Marcelo,Real Madrid CF,madrid, 
79,A. Witsel,Borussia Dortmund,dortmund, 
80,P. Gulácsi,RB Leipzig,leipzig, 
81,R. Bürki,Borussia Dortmund,dortmund, 
82,Alex Sandro,Juventus,turin, 
83,R. Lukaku,Inter,milan, 
84,Iago Aspas,RC Celta de Vigo,vigo, 
85,K. Manolas,Napoli,naples, 
86,Koke,Atlético de Madrid,madrid, 
87,Neto,FC Barcelona,barcelona,"1992,"
88,D. Alaba,FC Bayern München,munich,"1972,"
89,J. Rodríguez,Real Madrid CF,madrid, 
90,A. Lopes,Olympique Lyonnais,lyon, 
91,Allan,Napoli,naples, 
92,M. Icardi,Inter,milan, 
93,R. Varane,Real Madrid CF,madrid, 
94,Carvajal,Real Madrid CF,madrid, 
95,Saúl,Atlético de Madrid,madrid, 
96,H. Ziyech,Ajax,amsterdam,"1928,"
97,Fabinho,Liverpool,liverpool, 
98,N. Süle,FC Bayern München,munich,"1972,"
99,Bruno Fernandes,Sporting CP,lisbon, 
100,A. Robertson,Liverpool,liverpool, 
101,J. Giménez,Atlético de Madrid,madrid, 
102,C. Lenglet,FC Barcelona,barcelona,"1992,"
103,S. Milinković-Savić,Lazio,rome,"1960,"
104,F. de Jong,FC Barcelona,barcelona,"1992,"
105,G. Donnarumma,AC Milan,milan, 
106,Rodri,Manchester City,manchester, 
107,M. de Ligt,Juventus,turin, 
108,Pepe,FC Porto,porto, 
109,João Moutinho,Wolverhampton Wanderers,wolverhampton, 
110,S. Ruffier,AS Saint-Étienne,saint-étienne, 
111,S. Sirigu,Torino F.C.,turin, 
112,M. Hamšík,Dalian Professional Football Club,dalian, 
113,Sokratis,Arsenal,london,"2012,1948,1908,"
114,Lucas Leiva,Lazio,rome,"1960,"
115,M. Özil,Arsenal,london,"2012,1948,1908,"
116,Javi Martínez,FC Bayern München,munich,"1972,"
117,Y. Sommer,Borussia Mönchengladbach,mönchengladbach, 
118,E. Džeko,Roma,rome,"1960,"
119,G. Wijnaldum,Liverpool,liverpool, 
120,I. Perišić,FC Bayern München,munich,"1972,"
121,M. Mandžukić,Juventus,turin, 
122,A. Vidal,FC Barcelona,barcelona,"1992,"
123,J. Boateng,FC Bayern München,munich,"1972,"
124,Azpilicueta,Chelsea,london,"2012,1948,1908,"
125,José Callejón,Napoli,naples, 
126,İ. Gündoğan,Manchester City,manchester, 
127,Paulinho,Guangzhou FC,guangzhou, 
128,K. Walker,Manchester City,manchester, 
129,Canales,Real Betis Balompié,seville, 
130,Douglas Costa,Juventus,turin, 
131,B. Leno,Arsenal,london,"2012,1948,1908,"
132,Pizzi,SL Benfica,lisbon, 
133,S. de Vrij,Inter,milan, 
134,Luis Alberto,Lazio,rome,"1960,"
135,D. Tadić,Ajax,amsterdam,"1928,"
136,J. Iličić,Atalanta,bergamo, 
137,Felipe Anderson,West Ham United,london,"2012,1948,1908,"
138,M. Depay,Olympique Lyonnais,lyon, 
139,R. Mahrez,Manchester City,manchester, 
140,E. Višća,İstanbul Başakşehir FK,istanbul, 
141,S. Gnabry,FC Bayern München,munich,"1972,"
142,Kepa,Chelsea,london,"2012,1948,1908,"
143,Felipe,Atlético de Madrid,madrid, 
144,L. Goretzka,FC Bayern München,munich,"1972,"
145,João Cancelo,Manchester City,manchester, 
146,D. Alli,Tottenham Hotspur,london,"2012,1948,1908,"
147,J. Brandt,Borussia Dortmund,dortmund, 
148,Alex Telles,FC Porto,porto, 
149,K. Coman,FC Bayern München,munich,"1972,"
150,N. Fekir,Real Betis Balompié,seville, 
151,L. Hernández,FC Bayern München,munich,"1972,"
152,Arthur,FC Barcelona,barcelona,"1992,"
153,O. Dembélé,FC Barcelona,barcelona,"1992,"
154,J. Sancho,Borussia Dortmund,dortmund, 
155,K. Havertz,Bayer 04 Leverkusen,leverkusen, 
156,J. Pavlenka,SV Werder Bremen,bremen, 
157,Iniesta,Vissel Kobe,kobe, 
158,G. Buffon,Juventus,turin, 
159,Casillas,FC Porto,porto, 
160,R. Jarstein,Hertha BSC,berlin,"1936,"
161,V. Kompany,RSC Anderlecht,brussels, 
162,Raúl Albiol,Villarreal CF,villarreal, 
163,F. Quagliarella,U.C. Sampdoria,genoa, 
164,K. Schmeichel,Leicester City,leicester, 
165,Falcao,AS Monaco,monaco, 
166,Miranda,Jiangsu FC,nanjing, 
167,C. Vela,Los Angeles FC,los angeles,"1984,1932,"
168,E. Garay,Valencia CF,valencia, 
169,Rui Patrício,Wolverhampton Wanderers,wolverhampton, 
170,R. Nainggolan,Cagliari,cagliari, 
171,É. Banega,Sevilla FC,seville, 
172,Diego Costa,Atlético de Madrid,madrid, 
173,S. Khedira,Juventus,turin, 
174,David Luiz,Arsenal,london,"2012,1948,1908,"
175,M. Kruse,Fenerbahçe SK,istanbul, 
176,J. Henderson,Liverpool,liverpool, 
177,G. Sigurðsson,Everton,liverpool, 
178,A. Ramsey,Juventus,turin, 
179,Oscar,Shanghai Port FC,shanghai, 
180,K. Trapp,Eintracht Frankfurt,frankfurt, 
181,Illarramendi,Real Sociedad,san sebastian, 
182,D. Blind,Ajax,amsterdam,"1928,"
183,L. Hrádecký,Bayer 04 Leverkusen,leverkusen, 
184,N. Otamendi,Manchester City,manchester, 
185,K. Casteels,VfL Wolfsburg,wolfsburg, 
186,J. Cuadrado,Juventus,turin, 
187,I. Gueye,Paris Saint-Germain,paris,"1924,1900,"
188,K. Kampl,RB Leipzig,leipzig, 
189,Bartra,Real Betis Balompié,seville, 
190,Rodrigo,Valencia CF,valencia, 
191,W. Zaha,Crystal Palace,london,"2012,1948,1908,"
192,Pablo Sarabia,Paris Saint-Germain,paris,"1924,1900,"
193,C. Aránguiz,Bayer 04 Leverkusen,leverkusen, 
194,W. Ben Yedder,AS Monaco,monaco, 
195,F. Acerbi,Lazio,rome,"1960,"
196,J. Cillessen,Valencia CF,valencia, 
197,Paco Alcácer,Borussia Dortmund,dortmund, 
198,L. Digne,Everton,liverpool, 
199,Danilo Pereira,FC Porto,porto, 
200,Lucas Moura,Tottenham Hotspur,london,"2012,1948,1908,"
201,Morata,Atlético de Madrid,madrid, 
202,J. Draxler,Paris Saint-Germain,paris,"1924,1900,"
203,J. Stones,Manchester City,manchester, 
204,J. Pickford,Everton,liverpool, 
205,F. Thauvin,Olympique de Marseille,marseille, 
206,A. Milik,Napoli,naples, 
207,Jorginho,Chelsea,london,"2012,1948,1908,"
208,S. Haller,West Ham United,london,"2012,1948,1908,"
209,William Carvalho,Real Betis Balompié,seville, 
210,Y. Carrasco,Dalian Professional Football Club,dalian, 
211,A. Rabiot,Juventus,turin, 
212,Grimaldo,SL Benfica,lisbon, 
213,A. Romagnoli,AC Milan,milan, 
214,A. Martial,Manchester United,manchester, 
215,T. Werner,RB Leipzig,leipzig, 
216,F. Bernardeschi,Juventus,turin, 
217,Anderson Talisca,Guangzhou FC,guangzhou, 
218,J. Tah,Bayer 04 Leverkusen,leverkusen, 
219,T. Lemar,Atlético de Madrid,madrid, 
220,A. Kramarić,TSG Hoffenheim,sinsheim, 
221,D. Djené,Getafe CF,getafe, 
222,C. Tolisso,FC Bayern München,munich,"1972,"
223,D. Sánchez,Tottenham Hotspur,london,"2012,1948,1908,"
224,Marco Asensio,Real Madrid CF,madrid, 
225,Pau López,Roma,rome,"1960,"
226,Borja Iglesias,Real Betis Balompié,seville, 
227,Gonçalo Guedes,Valencia CF,valencia, 
228,N. Pépé,Arsenal,london,"2012,1948,1908,"
229,G. Lo Celso,Tottenham Hotspur,london,"2012,1948,1908,"
230,Fabián,Napoli,naples, 
231,M. Akanji,Borussia Dortmund,dortmund, 
232,Louri Beretta,Clube Atlético Mineiro,belo horizonte, 
233,Josué Chiamulera,Grêmio,porto alegre, 
234,Ronaldo Cabrais,Grêmio,porto alegre, 
235,T. Alexander-Arnold,Liverpool,liverpool, 
236,M. Rashford,Manchester United,manchester, 
237,L. Jović,Real Madrid CF,madrid, 
238,Pepe Reina,AC Milan,milan, 
239,D. De Rossi,Boca Juniors,buenos aires, 
240,Aduriz,Athletic Club de Bilbao,bilbao, 
241,Jesús Navas,Sevilla FC,seville, 
242,Santi Cazorla,Villarreal CF,villarreal, 
243,H. Herrera,Atlético de Madrid,madrid, 
244,L. Biglia,AC Milan,milan, 
245,Ł. Fabiański,West Ham United,london,"2012,1948,1908,"
246,E. Viviano,Sporting CP,lisbon, 
247,Juan Mata,Manchester United,manchester, 
248,O. Giroud,Chelsea,london,"2012,1948,1908,"
249,Sergio Asenjo,Villarreal CF,villarreal, 
250,S. Kjær,Sevilla FC,seville, 
251,Willian,Chelsea,london,"2012,1948,1908,"
252,V. Ćorluka,FC Lokomotiv Moscow,moscow,"1980,"
253,M. Arnautović,Shanghai Port FC,shanghai, 
254,A. Sánchez,Manchester United,manchester, 
255,Giuliano,Al Nassr,riyadh, 
256,A. Kolarov,Roma,rome,"1960,"
257,M. Balotelli,Brescia,brescia, 
258,Marlos,Shakhtar Donetsk,donetsk, 
259,Taison,Shakhtar Donetsk,donetsk, 
260,B. Dost,Sporting CP,lisbon, 
261,G. Bonaventura,AC Milan,milan, 
262,Pedro,Chelsea,london,"2012,1948,1908,"
263,Muniain,Athletic Club de Bilbao,bilbao, 
264,L. de Jong,Sevilla FC,seville, 
265,S. El Shaarawy,Shanghai Shenhua FC,shanghai, 
266,Ander Herrera,Paris Saint-Germain,paris,"1924,1900,"
267,M. Götze,Borussia Dortmund,dortmund, 
268,A. Areola,Paris Saint-Germain,paris,"1924,1900,"
269,T. Delaney,Borussia Dortmund,dortmund, 
270,X. Shaqiri,Liverpool,liverpool, 
271,Mário Fernandes,PFC CSKA Moscow,moscow,"1980,"
272,O. Baumann,TSG Hoffenheim,sinsheim, 
273,Willian José,Real Sociedad,san sebastian, 
274,J. Matip,Liverpool,liverpool, 
275,S. Coates,Sporting CP,lisbon, 
276,M. Perin,Juventus,turin, 
277,C. Bakambu,Beijing Guoan FC,beijing,"2008,"
278,Sergi Roberto,FC Barcelona,barcelona,"1992,"
279,N. Schulz,Borussia Dortmund,dortmund, 
280,K. Volland,Bayer 04 Leverkusen,leverkusen, 
281,Nacho Fernández,Real Madrid CF,madrid, 
282,B. Lecomte,AS Monaco,monaco, 
283,Gabriel Paulista,Valencia CF,valencia, 
284,T. Meunier,Paris Saint-Germain,paris,"1924,1900,"
285,J. Roussillon,VfL Wolfsburg,wolfsburg, 
286,Suso,AC Milan,milan, 
287,K. Bellarabi,Bayer 04 Leverkusen,leverkusen, 
288,H. Maguire,Manchester United,manchester, 
289,T. Hazard,Borussia Dortmund,dortmund, 
290,S. Savić,Atlético de Madrid,madrid, 
291,A. Rüdiger,Chelsea,london,"2012,1948,1908,"
292,M. Kovačić,Chelsea,london,"2012,1948,1908,"
293,J. Lingard,Manchester United,manchester, 
294,E. Forsberg,RB Leipzig,leipzig, 
295,F. Kostić,Eintracht Frankfurt,frankfurt, 
296,A. Belotti,Torino F.C.,turin, 
297,Q. Promes,Ajax,amsterdam,"1928,"
298,J. Vardy,Leicester City,leicester, 
299,Pacheco,Deportivo Alavés,vitoria-gasteiz, 
300,T. Partey,Atlético de Madrid,madrid, 
301,Ricardo Pereira,Leicester City,leicester, 
302,N. Tagliafico,Ajax,amsterdam,"1928,"
303,D. Rugani,Juventus,turin, 
304,K. Demirbay,Bayer 04 Leverkusen,leverkusen, 
305,T. Strakosha,Lazio,rome,"1960,"
306,Á. Correa,Atlético de Madrid,madrid, 
307,D. Zapata,Atalanta,bergamo, 
308,Iñaki Williams,Athletic Club de Bilbao,bilbao, 
309,M. Politano,Inter,milan, 
310,Morales,Levante Unión Deportiva,valencia, 
311,Rafa,SL Benfica,lisbon, 
312,N. Keïta,Liverpool,liverpool, 
313,H. Lozano,PSV,eindhoven, 
314,David Soria,Getafe CF,getafe, 
315,L. Torreira,Arsenal,london,"2012,1948,1908,"
316,Rúben Neves,Wolverhampton Wanderers,wolverhampton, 
317,P. Kimpembe,Paris Saint-Germain,paris,"1924,1900,"
318,S. Bergwijn,PSV,eindhoven, 
319,A. Onana,Ajax,amsterdam,"1928,"
320,Gelson Martins,AS Monaco,monaco, 
321,Nélson Semedo,FC Barcelona,barcelona,"1992,"
322,L. Bailey,Bayer 04 Leverkusen,leverkusen, 
323,Oyarzabal,Real Sociedad,san sebastian, 
324,Raphaelito Anjos,Grêmio,porto alegre, 
325,Juiano Mestres,Cruzeiro,belo horizonte, 
326,Rosberto Dourado,Clube Atlético Mineiro,belo horizonte, 
327,Gabriel Jesus,Manchester City,manchester, 
328,Quaresma,Beşiktaş JK,istanbul, 
329,J. Mathieu,Sporting CP,lisbon, 
330,J. Milner,Liverpool,liverpool, 
331,L. López,Racing Club,avellaneda, 
332,B. Gomis,Al Hilal,riyadh, 
333,M. Dembélé,Guangzhou City,guangzhou, 
334,Cesc Fàbregas,AS Monaco,monaco, 
335,A. Consigli,U.S. Sassuolo Calcio,sassuolo, 
336,L. Koscielny,FC Girondins de Bordeaux,bordeaux, 
337,Jardel,SL Benfica,lisbon, 
338,Renato Augusto,Beijing Guoan FC,beijing,"2008,"
339,José Fonte,LOSC Lille,lille, 
340,A. Guardado,Real Betis Balompié,seville, 
341,Ł. Piszczek,Borussia Dortmund,dortmund, 
342,K. Gameiro,Valencia CF,valencia, 
343,D. Payet,Olympique de Marseille,marseille, 
344,Beñat,Athletic Club de Bilbao,bilbao, 
345,Adán,Atlético de Madrid,madrid, 
346,B. Höwedes,FC Lokomotiv Moscow,moscow,"1980,"
347,F. Muslera,Galatasaray SK,istanbul, 
348,M. Sissoko,Tottenham Hotspur,london,"2012,1948,1908,"
349,M. Parolo,Lazio,rome,"1960,"
350,Fernando,Sevilla FC,seville, 
351,N. Gaitán,Chicago Fire Football Club,chicago, 
352,S. Giovinco,Al Hilal,riyadh, 
353,Luiz Gustavo,Olympique de Marseille,marseille, 
354,N. Nkoulou,Torino F.C.,turin, 
355,A. Ljajić,Beşiktaş JK,istanbul, 
356,N. Matić,Manchester United,manchester, 
357,Marcos Alonso,Chelsea,london,"2012,1948,1908,"
358,H. Mkhitaryan,Arsenal,london,"2012,1948,1908,"
359,J. Corona,FC Porto,porto, 
360,André Almeida,SL Benfica,lisbon, 
361,G. Xhaka,Arsenal,london,"2012,1948,1908,"
362,Jordi Masip,Real Valladolid CF,valladolid, 
363,T. Horn,1. FC Köln,cologne, 
364,Rafinha,FC Barcelona,barcelona,"1992,"
365,G. Kondogbia,Valencia CF,valencia, 
366,A. Florenzi,Roma,rome,"1960,"
367,T. Vaclík,Sevilla FC,seville, 
368,E. Zahavi,Guangzhou City,guangzhou, 
369,W. Orban,RB Leipzig,leipzig, 
370,M. Sabitzer,RB Leipzig,leipzig, 
371,A. Cragno,Cagliari,cagliari, 
372,L. Shaw,Manchester United,manchester, 
373,L. Milivojević,Crystal Palace,london,"2012,1948,1908,"
374,A. Plea,Borussia Mönchengladbach,mönchengladbach, 
375,F. Vázquez,Sevilla FC,seville, 
376,Y. Poulsen,RB Leipzig,leipzig, 
377,R. Fraser,AFC Bournemouth,bournemouth, 
378,M. Ginter,Borussia Mönchengladbach,mönchengladbach, 
379,J. Martínez,Atlanta United,atlanta,"1996,"
380,Gerard Moreno,Villarreal CF,villarreal, 
381,A. Doucouré,Watford,watford, 
382,E. Can,Juventus,turin, 
383,Lucas Vázquez,Real Madrid CF,madrid, 
384,R. Guerreiro,Borussia Dortmund,dortmund, 
385,P. Zieliński,Napoli,naples, 
386,Gayà,Valencia CF,valencia, 
387,João Mário,Inter,milan, 
388,Thiago Mendes,Olympique Lyonnais,lyon, 
389,G. Rulli,Montpellier Hérault SC,montpellier, 
390,A. Izzo,Torino F.C.,turin, 
391,Dani García,Athletic Club de Bilbao,bilbao, 
392,M. Brozović,Inter,milan, 
393,D. van de Beek,Ajax,amsterdam,"1928,"
394,V. Lindelöf,Manchester United,manchester, 
395,Dani Ceballos,Arsenal,london,"2012,1948,1908,"
396,W. Weghorst,VfL Wolfsburg,wolfsburg, 
397,M. Acuña,Sporting CP,lisbon, 
398,Pablo Fornals,West Ham United,london,"2012,1948,1908,"
399,W. Ndidi,Leicester City,leicester, 
400,Laure Santeiro,Fluminense,rio de janeiro, 
401,L. Martínez,Inter,milan, 
402,H. Aouar,Olympique Lyonnais,lyon, 
403,T. Ndombele,Tottenham Hotspur,london,"2012,1948,1908,"
404,David Neres,Ajax,amsterdam,"1928,"
405,Éder Militão,Real Madrid CF,madrid, 
406,Joaquín,Real Betis Balompié,seville, 
407,W. Rooney,D.C. United,"washington, d.c.", 
408,Moyá,Real Sociedad,san sebastián, 
409,Nani,Orlando City Soccer Club,orlando, 
410,J. Mascherano,Hebei FC,shijiazhuang, 
411,Diego López,RCD Espanyol de Barcelona,barcelona,"1992,"
412,I. Akinfeev,PFC CSKA Moscow,moscow,"1980,"
413,A. Gignac,Tigres U.A.N.L.,"san nicolás, nuevo león", 
414,Jorge Molina,Getafe CF,getafe, 
415,B. Costil,FC Girondins de Bordeaux,bordeaux, 
416,L. Perrin,AS Saint-Étienne,saint-étienne, 
417,B. Foster,Watford,watford, 
418,T. Heaton,Aston Villa,birmingham, 
419,S. Mandanda,Olympique de Marseille,marseille, 
420,Charles,SD Eibar,eibar, 
421,Ş. Radu,Lazio,rome,"1960,"
422,D. Rose,Tottenham Hotspur,london,"2012,1948,1908,"
423,E. Lamela,Tottenham Hotspur,london,"2012,1948,1908,"
424,Raúl García,Athletic Club de Bilbao,bilbao, 
425,Naldo,AS Monaco,monaco, 
426,D. Wass,Valencia CF,valencia, 
427,S. Romero,Manchester United,manchester, 
428,Pedro León,SD Eibar,eibar, 
429,I. Piatti,Club de Foot Montréal,montreal,"1976,"
430,D. Ospina,Napoli,naples, 
431,M. Díaz,Racing Club,avellaneda, 
432,M. Valbuena,Olympiacos CFP,piraeus, 
433,L. Bender,Bayer 04 Leverkusen,leverkusen, 
434,S. Bender,Bayer 04 Leverkusen,leverkusen, 
435,E. Capoue,Watford,watford, 
436,Antunes,Getafe CF,getafe, 
437,R. Fährmann,Norwich City,norwich, 
438,F. Fazio,Roma,rome,"1960,"
439,M. Hasebe,Eintracht Frankfurt,frankfurt, 
440,Sidnei,Real Betis Balompié,seville, 
441,D. Perotti,Roma,rome,"1960,"
442,L. Pratto,River Plate,buenos aires, 
443,S. Feghouli,Galatasaray SK,istanbul, 
444,K. Trippier,Atlético de Madrid,madrid, 
445,M. Musacchio,AC Milan,milan, 
446,Y. M'Vila,AS Saint-Étienne,saint-étienne, 
447,L. Stindl,Borussia Mönchengladbach,mönchengladbach, 
448,F. Smolov,FC Lokomotiv Moscow,moscow,"1980,"
449,S. Nzonzi,Galatasaray SK,istanbul, 
450,M. Lanzini,West Ham United,london,"2012,1948,1908,"
451,F. Coquelin,Valencia CF,valencia, 
452,Hulk,Shanghai Port FC,shanghai, 
453,K. Strootman,Olympique de Marseille,marseille, 
454,C. Smalling,Manchester United,manchester, 
455,K. Glik,AS Monaco,monaco, 
456,J. Zoet,PSV,eindhoven, 
457,E. Salvio,Boca Juniors,buenos aires, 
458,D. Subašić,AS Monaco,monaco, 
459,K. Vogt,TSG Hoffenheim,sinsheim, 
460,R. Pereyra,Watford,watford, 
461,R. Rodríguez,AC Milan,milan, 
462,Y. Belhanda,Galatasaray SK,istanbul, 
463,Sergi Enrich,SD Eibar,eibar, 
464,D. Lovren,Liverpool,liverpool, 
465,S. Verdi,Napoli,naples, 
466,C. Wilson,AFC Bournemouth,bournemouth, 
467,J. Guilavogui,VfL Wolfsburg,wolfsburg, 
468,A. Oxlade-Chamberlain,Liverpool,liverpool, 
469,M. Ryan,Brighton & Hove Albion,brighton, 
470,L. Muriel,Atalanta,bergamo, 
471,D. Vida,Beşiktaş JK,istanbul, 
472,Ibai Gómez,Athletic Club de Bilbao,bilbao, 
473,Sergi Gómez,Sevilla FC,seville, 
474,Campaña,Levante Unión Deportiva,valencia, 
475,H. Vanaken,Club Brugge KV,bruges, 
476,S. Berghuis,Feyenoord,rotterdam, 
477,Cristian Tello,Real Betis Balompié,seville, 
478,Ismaily,Shakhtar Donetsk,donetsk, 
479,A. Mandi,Real Betis Balompié,seville, 
480,F. Ghoulam,Napoli,naples, 
481,M. Hinteregger,Eintracht Frankfurt,frankfurt, 
482,S. Sané,FC Schalke 04,gelsenkirchen, 
483,Deulofeu,Watford,watford, 
484,Sergi Darder,RCD Espanyol de Barcelona,barcelona,"1992,"
485,S. Zaza,Torino F.C.,turin, 
486,D. Klaassen,SV Werder Bremen,bremen, 
487,P. Kadeřábek,TSG Hoffenheim,sinsheim, 
488,Héctor Bellerín,Arsenal,london,"2012,1948,1908,"
489,Š. Vrsaljko,Atlético de Madrid,madrid, 
490,Pozuelo,Toronto FC,toronto, 
491,C. Kramer,Borussia Mönchengladbach,mönchengladbach, 
492,K. Zouma,Chelsea,london,"2012,1948,1908,"
493,Iñigo Martínez,Athletic Club de Bilbao,bilbao, 
494,R. Jiménez,Wolverhampton Wanderers,wolverhampton, 
495,B. Mendy,Manchester City,manchester, 
496,Bernat,Paris Saint-Germain,paris,"1924,1900,"
497,Portu,Real Sociedad,san sebastián, 
498,M. Nastasić,FC Schalke 04,gelsenkirchen, 
499,Bernard,Everton,liverpool, 
500,E. Andrada,Boca Juniors,buenos aires, 
501,T. Stepanenko,Shakhtar Donetsk,donetsk, 
502,Manu Trigueros,Villarreal CF,villarreal, 
503,L. Paredes,Paris Saint-Germain,paris,"1924,1900,"
504,M. Keane,Everton,liverpool, 
505,H. Çalhanoğlu,AC Milan,milan, 
506,Gabriel,SL Benfica,lisbon, 
507,M. Dabbur,Sevilla FC,seville, 
508,N. Aké,AFC Bournemouth,bournemouth, 
509,J. Quintero,River Plate,buenos aires, 
510,Samu Castillejo,AC Milan,milan, 
511,M. Halstenberg,RB Leipzig,leipzig, 
512,E. Hysaj,Napoli,naples, 
513,André Gomes,Everton,liverpool, 
514,M. Dembélé,Olympique Lyonnais,lyon, 
515,O. Vlachodimos,SL Benfica,lisbon, 
516,Santi Mina,RC Celta de Vigo,vigo, 
517,Rony Lopes,Sevilla FC,seville, 
518,A. Christensen,Chelsea,london,"2012,1948,1908,"
519,F. Armani,River Plate,buenos aires, 
520,I. Marcone,Boca Juniors,buenos aires, 
521,W. Benítez,OGC Nice,nice, 
522,J. Correa,Lazio,rome,"1960,"
523,M. Maignan,LOSC Lille,lille, 
524,K. Baldé,AS Monaco,monaco, 
525,Y. Tielemans,Leicester City,leicester, 
526,T. Bakayoko,Chelsea,london,"2012,1948,1908,"
527,M. Vecino,Inter,milan, 
528,A. Rebić,Eintracht Frankfurt,frankfurt, 
529,M. Dúbravka,Newcastle United,newcastle upon tyne, 
530,M. Caldara,AC Milan,milan, 
531,J. Weigl,Borussia Dortmund,dortmund, 
532,H. Winks,Tottenham Hotspur,london,"2012,1948,1908,"
533,Jony,Lazio,rome,"1960,"
534,K. Piątek,AC Milan,milan, 
535,Mata,Getafe CF,getafe, 
536,V. Rongier,FC Nantes,nantes, 
537,N. Barella,Inter,milan, 
538,Diogo Jota,Wolverhampton Wanderers,wolverhampton, 
539,J. Gomez,Liverpool,liverpool, 
540,E. Bailly,Manchester United,manchester, 
541,Marcos Llorente,Atlético de Madrid,madrid, 
542,M. Eggestein,SV Werder Bremen,bremen, 
543,M. Dmitrović,SD Eibar,eibar, 
544,M. Marega,FC Porto,porto, 
545,Yeray,Athletic Club de Bilbao,bilbao, 
546,F. Mendy,Real Madrid CF,madrid, 
547,Mario Hermoso,Atlético de Madrid,madrid, 
548,Everton Andrão,Fluminense,rio de janeiro, 
549,Welington Dano,Cruzeiro,belo horizonte, 
550,M. Almirón,Newcastle United,newcastle upon tyne, 
551,Odriozola,Real Madrid CF,madrid, 
552,Carlos Soler,Valencia CF,valencia, 
553,M. Lazzari,Lazio,rome,"1960,"
554,Melendo,RCD Espanyol de Barcelona,barcelona,"1992,"
555,M. Gómez,Valencia CF,valencia, 
556,Rúben Dias,SL Benfica,lisbon, 
557,D. Livaković,Dinamo Zagreb,zagreb, 
558,Loren,Real Betis Balompié,seville, 
559,João Félix,Atlético de Madrid,madrid, 
560,David Villa,Vissel Kobe,kobe, 
561,B. Yılmaz,Beşiktaş JK,istanbul, 
562,A. Mirante,Roma,rome,"1960,"
563,S. Kalou,Hertha BSC,berlin,"1936,"
564,Dante,OGC Nice,nice, 
565,M. Debuchy,AS Saint-Étienne,saint-étienne, 
566,E. Lavezzi,Hebei FC,shijiazhuang, 
567,Borja Valero,Inter,milan, 
568,M. Škrtel,Atalanta,bergamo, 
569,J. Evans,Leicester City,leicester, 
570,D. Valeri,Portland Timbers,portland, 
571,N. Moisander,SV Werder Bremen,bremen, 
572,D. Criscito,Genoa,genoa, 
573,A. Candreva,Inter,milan, 
574,Marcano,FC Porto,porto, 
575,K. Boateng,Fiorentina,florence, 
576,A. Fernández,Beijing Renhe FC,beijing,"2008,"
577,N. Guzmán,Tigres U.A.N.L.,"san nicolás, nuevo león", 
578,Nacho Monreal,Arsenal,london,"2012,1948,1908,"
579,Ángel,Getafe CF,getafe, 
580,Granero,RCD Espanyol de Barcelona,barcelona,"1992,"
581,Éder,Jiangsu FC,nanjing, 
582,R. Vormer,Club Brugge KV,bruges, 
583,S. Coleman,Everton,liverpool, 
584,A. Lallana,Liverpool,liverpool, 
585,A. Modeste,1. FC Köln,cologne, 
586,M. Gradel,Toulouse Football Club,toulouse, 
587,M. Sakho,Crystal Palace,london,"2012,1948,1908,"
588,Yuri Berchiche,Athletic Club de Bilbao,bilbao, 
589,Mariano,Galatasaray SK,istanbul, 
590,Ö. Toprak,SV Werder Bremen,bremen, 
591,J. King,AFC Bournemouth,bournemouth, 
592,N. Kalinić,Atlético de Madrid,madrid, 
593,C. Stuani,Girona FC,girona, 
594,S. Ulreich,FC Bayern München,munich,"1972,"
595,K. Asamoah,Inter,milan, 
596,Alex Teixeira,Jiangsu FC,nanjing, 
597,S. Lulić,Lazio,rome,"1960,"
598,S. Rondón,Dalian Professional Football Club,dalian, 
599,S. Kagawa,Real Zaragoza,zaragoza, 
600,J. Wilshere,West Ham United,london,"2012,1948,1908,"
601,Guaita,Crystal Palace,london,"2012,1948,1908,"
602,Cote,SD Eibar,eibar, 
603,Iago Falqué,Torino F.C.,turin, 
604,J. Pastore,Roma,rome,"1960,"
605,Maicon,Al Nassr,riyadh, 
606,S. Mustafi,Arsenal,london,"2012,1948,1908,"
607,F. Orellana,SD Eibar,eibar, 
608,Elkeson,Guangzhou FC,guangzhou, 
609,Kike García,SD Eibar,eibar, 
610,Escudero,Sevilla FC,seville, 
611,Mario Gaspar,Villarreal CF,villarreal, 
612,L. Cabrera,Getafe CF,getafe, 
613,Herrerín,Athletic Club de Bilbao,bilbao, 
614,H. Seferović,SL Benfica,lisbon, 
615,Víctor Ruiz,Beşiktaş JK,istanbul, 
616,G. Pezzella,Fiorentina,florence, 
617,Laguardia,Deportivo Alavés,vitoria-gasteiz, 
618,I. Belfodil,TSG Hoffenheim,sinsheim, 
619,A. Yarmolenko,West Ham United,london,"2012,1948,1908,"
620,W. Khazri,AS Saint-Étienne,saint-étienne, 
621,P. Jones,Manchester United,manchester, 
622,E. Pérez,River Plate,buenos aires, 
623,D. Caligiuri,FC Schalke 04,gelsenkirchen, 
624,S. Aurier,Tottenham Hotspur,london,"2012,1948,1908,"
625,R. Barkley,Chelsea,london,"2012,1948,1908,"
626,Danilo,Juventus,turin, 
627,N. Pallois,FC Nantes,nantes, 
628,Vitolo,Atlético de Madrid,madrid, 
629,M. Badelj,Fiorentina,florence, 
630,C. Tătărușanu,Olympique Lyonnais,lyon, 
631,J. Murillo,U.C. Sampdoria,genoa, 
632,E. Dier,Tottenham Hotspur,london,"2012,1948,1908,"
633,D. da Costa,Eintracht Frankfurt,frankfurt, 
634,J. Tarkowski,Burnley,burnley, 
635,W. Boly,Wolverhampton Wanderers,wolverhampton, 
636,L. Spinazzola,Roma,rome,"1960,"
637,Zé Luís,FC Porto,porto, 
638,L. Karius,Beşiktaş JK,istanbul, 
639,N. Pope,Burnley,burnley, 
640,D. Suárez,Getafe CF,getafe, 
641,J. Brooks,VfL Wolfsburg,wolfsburg, 
642,K. Lala,RC Strasbourg Alsace,strasbourg, 
643,S. Arias,Atlético de Madrid,madrid, 
644,Roque Mesa,CD Leganés,leganés, 
645,M. Batshuayi,Chelsea,london,"2012,1948,1908,"
646,Mário Rui,Napoli,naples, 
647,T. Inui,SD Eibar,eibar, 
648,D. Baselli,Torino F.C.,turin, 
649,J. Ward-Prowse,Southampton,southampton, 
650,T. Savanier,Montpellier Hérault SC,montpellier, 
651,B. Davies,Tottenham Hotspur,london,"2012,1948,1908,"
652,Leo Baptistao,Wuhan FC,wuhan, 
653,D. Cheryshev,Valencia CF,valencia, 
654,M. Arnold,VfL Wolfsburg,wolfsburg, 
655,L. Trossard,Brighton & Hove Albion,brighton, 
656,C. Bacca,Villarreal CF,villarreal, 
657,S. Kolašinac,Arsenal,london,"2012,1948,1908,"
658,J. Veltman,Ajax,amsterdam,"1928,"
659,A. Samaris,SL Benfica,lisbon, 
660,A. Januzaj,Real Sociedad,san sebastián, 
661,J. Hector,1. FC Köln,cologne, 
662,Fred,Manchester United,manchester, 
663,F. Schär,Newcastle United,newcastle upon tyne, 
664,De Tomás,SL Benfica,lisbon, 
665,Otávio,FC Porto,porto, 
666,Jonny,Wolverhampton Wanderers,wolverhampton, 
667,M. Sanson,Olympique de Marseille,marseille, 
668,Rubén Peña,Villarreal CF,villarreal, 
669,N. Stark,Hertha BSC,berlin,"1936,"
670,R. Zobnin,Spartak Moskva,moscow,"1980,"
671,Ricardo Horta,SC Braga,braga, 
672,A. Iwobi,Everton,liverpool, 
673,R. Loftus-Cheek,Chelsea,london,"2012,1948,1908,"
674,A. Hamdallah,Al Nassr,riyadh, 
675,J. Lerma,AFC Bournemouth,bournemouth, 
676,J. Gbamin,Everton,liverpool, 
677,D. Benedetto,Olympique de Marseille,marseille, 
678,L. Sigali,Racing Club,avellaneda, 
679,L. Alario,Bayer 04 Leverkusen,leverkusen, 
680,D. Zappacosta,Chelsea,london,"2012,1948,1908,"
681,A. Saint-Maximin,Newcastle United,newcastle upon tyne, 
682,S. Lobotka,RC Celta de Vigo,vigo, 
683,L. Dubois,Olympique Lyonnais,lyon, 
684,M. Samatta,KRC Genk,genk, 
685,Diego Carlos,Sevilla FC,seville, 
686,J. Denayer,Olympique Lyonnais,lyon, 
687,Munir,Sevilla FC,seville, 
688,Angeliño,Manchester City,manchester, 
689,J. Maddison,Leicester City,leicester, 
690,Wu Lei,RCD Espanyol de Barcelona,barcelona,"1992,"
691,Raúl,SC Braga,braga, 
692,Mariano,Real Madrid CF,madrid, 
693,L. Klostermann,RB Leipzig,leipzig, 
694,Petros,Al Nassr,riyadh, 
695,R. Aguilar,AS Monaco,monaco, 
696,K. Toko-Ekambi,Villarreal CF,villarreal, 
697,Dyego Sousa,Shenzhen FC,shenzhen, 
698,C. Pavón,LA Galaxy,los angeles,"1984,1932,"
699,Merino,Real Sociedad,san sebastian, 
700,A. Golovin,AS Monaco,monaco, 
701,A. Diallo,Paris Saint-Germain,paris,"1924,1900,"
702,T. Kehrer,Paris Saint-Germain,paris,"1924,1900,"
703,B. Pavard,FC Bayern München,munich,"1972,"
704,Soares,FC Porto,porto, 
705,R. Bentancur,Juventus,turin, 
706,C. Pulisic,Chelsea,london,"2012,1948,1908,"
707,S. Berge,KRC Genk,genk, 
708,F. Balbuena,West Ham United,london,"2012,1948,1908,"
709,L. Pellegrini,Roma,rome,"1960,"
710,F. Grillitsch,TSG Hoffenheim,sinsheim, 
711,André Silva,AC Milan,milan, 
712,M. Rashica,SV Werder Bremen,bremen, 
713,Rubén Alcaraz,Real Valladolid CF,valladolid, 
714,A. Wan-Bissaka,Manchester United,manchester, 
715,B. Chilwell,Leicester City,leicester, 
716,Maikel Catarino,Clube Atlético Mineiro,belo horizonte, 
717,Antônio Chiamuloira,Internacional,porto alegre, 
718,Melvin Parrela,Centro Sportivo Alagoano,maceio, 
719,Gabri Prestão,Internacional,porto alegre, 
720,Luimo Boas Santos,Santos,santos, 
721,F. Kessié,AC Milan,milan, 
722,A. Lafont,FC Nantes,nantes, 
723,Richarlison,Everton,liverpool, 
724,R. Malinovskyi,Atalanta,bergamo, 
725,Wesley,Aston Villa,birmingham, 
726,S. Nakajima,FC Porto,porto, 
727,Raphinha,Sporting CP,lisbon, 
728,Lucas Paquetá,AC Milan,milan, 
729,A. Hakimi,Borussia Dortmund,dortmund, 
730,D. Samassékou,TSG Hoffenheim,sinsheim, 
731,F. Chiesa,Fiorentina,florence, 
732,Marc Roca,RCD Espanyol de Barcelona,barcelona,"1992,"
733,T. Souček,SK Slavia Praha,prague, 
734,I. Konaté,RB Leipzig,leipzig, 
735,D. Zagadou,Borussia Dortmund,dortmund, 
736,Vinícius Jr.,Real Madrid CF,madrid, 
737,Junior Firpo,FC Barcelona,barcelona,"1992,"
738,Dani Olmo,Dinamo Zagreb,zagreb, 
739,V. Tsygankov,Dynamo Kyiv,kyiv, 
740,E. Belözoğlu,Fenerbahçe SK,istanbul, 
741,G. Ochoa,Club América,mexico city,"1968,"
742,C. Tévez,Boca Juniors,buenos aires, 
743,J. Sosa,Trabzonspor,trabzon, 
744,Raffael,Borussia Mönchengladbach,mönchengladbach, 
745,Andrés Fernández,Villarreal CF,villarreal, 
746,J. Pinola,River Plate,buenos aires, 
747,M. Zárate,Boca Juniors,buenos aires, 
748,Hilton,Montpellier Hérault SC,montpellier, 
749,G. Hoarau,BSC Young Boys,bern, 
750,A. Granqvist,Helsingborgs IF,helsingborg, 
751,R. Babel,Galatasaray SK,istanbul, 
752,T. Vermaelen,Vissel Kobe,kobe, 
753,D. Abraham,Eintracht Frankfurt,frankfurt, 
754,S. Nasri,RSC Anderlecht,brussels, 
755,I. Khune,Kaizer Chiefs,johannesburg, 
756,A. Masiello,Atalanta,bergamo, 
757,R. Bertrand,Southampton,southampton, 
758,J. dos Santos,LA Galaxy,los angeles,"1984,1932,"
759,Gervinho,Parma,parma, 
760,N. Şahin,SV Werder Bremen,bremen, 
761,S. Defour,Burnley,burnley, 
762,K. Mirallas,Everton,liverpool, 
763,Manu García,Deportivo Alavés,vitoria-gasteiz, 
764,Coke,Levante Unión Deportiva,valencia, 
765,V. Moses,Fenerbahçe SK,istanbul, 
766,C. Ansaldi,Torino F.C.,turin, 
767,S. Mignolet,Club Brugge KV,bruges, 
768,J. Tomkins,Crystal Palace,london,"2012,1948,1908,"
769,F. Caicedo,Lazio,rome,"1960,"
770,V. Birsa,Cagliari,cagliari, 
771,D. Mbokani,Royal Antwerp FC,antwerp,"1920,"
772,C. Zapata,Genoa,genoa, 
773,J. Hernández,West Ham United,london,"2012,1948,1908,"
774,P. Diop,SD Eibar,eibar, 
775,M. Sulejmani,BSC Young Boys,bern, 
776,D. Da Silva,Stade Rennais FC,rennes, 
777,Marcelo,Olympique Lyonnais,lyon, 
778,Guilherme,FC Lokomotiv Moscow,moscow,"1980,"
779,S. Jovetić,AS Monaco,monaco, 
780,M. Cáceres,Lazio,rome,"1960,"
781,J. Holebas,Watford,watford, 
782,N. Amrabat,Al Nassr,riyadh, 
783,T. Deeney,Watford,watford, 
784,L. Fejsa,SL Benfica,lisbon, 
785,D. Schwaab,PSV,eindhoven, 
786,O. Karnezis,Napoli,naples, 
787,N. Petersen,Sport-Club Freiburg,freiburg, 
788,P. Piatti,RCD Espanyol de Barcelona,barcelona,"1992,"
789,S. Wagner,Tianjin Jinmen Tiger FC,tianjin, 
790,Bruno,Villarreal CF,villarreal, 
791,Adrien Silva,Leicester City,leicester, 
792,Mikel San José,Athletic Club de Bilbao,bilbao, 
793,D. Welbeck,Watford,watford, 
794,R. Zieler,Hannover 96,hannover, 
795,A. Barnes,Burnley,burnley, 
796,Rafael Tolói,Atalanta,bergamo, 
797,C. Grenier,Stade Rennais FC,rennes, 
798,Camacho,VfL Wolfsburg,wolfsburg, 
799,Rafael Carioca,Tigres U.A.N.L.,"san nicolás, nuevo león", 
800,Alan Carvalho,Tianjin Quanjian FC,tianjin, 
801,R. Boudebouz,AS Saint-Étienne,saint-étienne, 
802,A. Mehmedi,VfL Wolfsburg,wolfsburg, 
803,V. Wanyama,Tottenham Hotspur,london,"2012,1948,1908,"
804,Daniel Carriço,Sevilla FC,seville, 
805,S. Rudy,TSG Hoffenheim,sinsheim, 
806,Souza,Al Ahli,jeddah, 
807,B. Hübner,TSG Hoffenheim,sinsheim, 
808,Iborra,Villarreal CF,villarreal, 
809,J. Baumgartlinger,Bayer 04 Leverkusen,leverkusen, 
810,Rafael,Olympique Lyonnais,lyon, 
811,B. Mee,Burnley,burnley, 
812,De Marcos,Athletic Club de Bilbao,bilbao, 
813,M. Hitz,Borussia Dortmund,dortmund, 
814,C. Kabasele,Watford,watford, 
815,N. Clyne,Liverpool,liverpool, 
816,B. André,LOSC Lille,lille, 
817,M. Antonio,West Ham United,london,"2012,1948,1908,"
818,P. Groß,Brighton & Hove Albion,brighton, 
819,J. Guðmundsson,Burnley,burnley, 
820,D. Ginczek,VfL Wolfsburg,wolfsburg, 
821,S. Duffy,Brighton & Hove Albion,brighton, 
822,S. Cook,AFC Bournemouth,bournemouth, 
823,Jaume Costa,Valencia CF,valencia, 
824,R. Soriano,Bologna,bologna, 
825,G. Medel,Beşiktaş JK,istanbul, 
826,D. Didavi,VfB Stuttgart,stuttgart, 
827,A. Delort,Montpellier Hérault SC,montpellier, 
828,Hugo Mallo,RC Celta de Vigo,vigo, 
829,A. Townsend,Crystal Palace,london,"2012,1948,1908,"
830,T. Cairney,Fulham,london,"2012,1948,1908,"
831,A. Finnbogason,FC Augsburg,augsburg, 
832,Joel Robles,Real Betis Balompié,seville, 
833,N. Lodeiro,Seattle Sounders FC,seattle, 
834,G. Krychowiak,FC Lokomotiv Moscow,moscow,"1980,"
835,F. Lejeune,Newcastle United,newcastle upon tyne, 
836,Sérgio Oliveira,FC Porto,porto, 
837,B. Stambouli,FC Schalke 04,gelsenkirchen, 
838,K. Malcuit,Napoli,naples, 
839,V. Aboubakar,FC Porto,porto, 
840,M. Gregoritsch,FC Augsburg,augsburg, 
841,Nolito,Sevilla FC,seville, 
842,M. Sels,RC Strasbourg Alsace,strasbourg, 
843,L. Dunk,Brighton & Hove Albion,brighton, 
844,S. Rode,Eintracht Frankfurt,frankfurt, 
845,M. Uth,FC Schalke 04,gelsenkirchen, 
846,A. Soumaoro,LOSC Lille,lille, 
847,Pedro Mendes,Montpellier Hérault SC,montpellier, 
848,A. Marchesín,FC Porto,porto, 
849,M. Doherty,Wolverhampton Wanderers,wolverhampton, 
850,David López,RCD Espanyol de Barcelona,barcelona,"1992,"
851,G. Ramírez,U.C. Sampdoria,genoa, 
852,J. Veretout,Roma,rome,"1960,"
853,M. Rojo,Manchester United,manchester, 
854,R. Freuler,Atalanta,bergamo, 
855,Naldo,RCD Espanyol de Barcelona,barcelona,"1992,"
856,J. Gouweleeuw,FC Augsburg,augsburg, 
857,D. Demme,RB Leipzig,leipzig, 
858,Fernando,Beijing Guoan FC,beijing,"2008,"
859,A. Schwolow,Sport-Club Freiburg,freiburg, 
860,J. Vestergaard,Southampton,southampton, 
861,G. Defrel,Roma,rome,"1960,"
862,Álvaro,Olympique de Marseille,marseille, 
863,J. Butland,Stoke City,stoke-on-trent, 
864,A. Carrillo,Al Hilal,riyadh, 
865,J. Lascelles,Newcastle United,newcastle upon tyne, 
866,V. Fischer,F.C. København,copenhagen, 
867,K. Fortounis,Olympiacos CFP,piraeus, 
868,S. García,Godoy Cruz,mendoza, 
869,Denis Suárez,RC Celta de Vigo,vigo, 
870,K. Rekik,Hertha BSC,berlin,"1936,"
871,O. Yokuşlu,RC Celta de Vigo,vigo, 
872,S. Meïté,Torino F.C.,turin, 
873,J. Boëtius,1. FSV Mainz 05,mainz, 
874,Djaniny,Al Ahli,jeddah, 
875,Z. Feddal,Real Betis Balompié,seville, 
876,L. Pavoletti,Cagliari,cagliari, 
877,R. Olsen,Roma,rome,"1960,"
878,G. Pizarro,Tigres U.A.N.L.,"san nicolás, nuevo león", 
879,B. Traoré,Olympique Lyonnais,lyon, 
880,B. Cristante,Roma,rome,"1960,"
881,C. Hérelle,OGC Nice,nice, 
882,M. de Roon,Atalanta,bergamo, 
883,H. Sakai,Olympique de Marseille,marseille, 
884,Omar Mascarell,FC Schalke 04,gelsenkirchen, 
885,Óliver Torres,Sevilla FC,seville, 
886,F. Mollet,Montpellier Hérault SC,montpellier, 
887,G. Laborde,Montpellier Hérault SC,montpellier, 
888,J. Hofmann,Borussia Mönchengladbach,mönchengladbach, 
889,D. Berardi,U.S. Sassuolo Calcio,sassuolo, 
890,Bruma,PSV,eindhoven, 
891,I. Amadou,Norwich City,norwich, 
892,V. Grifo,TSG Hoffenheim,sinsheim, 
893,M. Meyer,Crystal Palace,london,"2012,1948,1908,"
894,R. Gagliardini,Inter,milan, 
895,José Sá,Olympiacos CFP,piraeus, 
896,L. Dendoncker,Wolverhampton Wanderers,wolverhampton, 
897,R. De Paul,Udinese Calcio,udine, 
898,D. Selke,Hertha BSC,berlin,"1936,"
899,M. Lemina,Southampton,southampton, 
900,D. Origi,Liverpool,liverpool, 
901,G. Kanga,AC Sparta Praha,prague, 
902,F. Tait,Stade Rennais FC,rennes, 
903,D. Laxalt,AC Milan,milan, 
904,E. Pulgar,Fiorentina,florence, 
905,A. Selikhov,Spartak Moskva,moscow,"1980,"
906,F. Fabra,Boca Juniors,buenos aires, 
907,A. Miranchuk,FC Lokomotiv Moscow,moscow,"1980,"
908,G. Cano,Independiente Medellín,medellín, 
909,C. Izquierdoz,Boca Juniors,buenos aires, 
910,J. Musso,Udinese Calcio,udine, 
911,A. Donatti,Racing Club,avellaneda, 
912,R. Saravia,FC Porto,porto, 
913,Rúben Vezo,Levante Unión Deportiva,valencia, 
914,N. Maksimović,Napoli,naples, 
915,Ayoze Pérez,Leicester City,leicester, 
916,A. Mitrović,Fulham,london,"2012,1948,1908,"
917,I. Fernández,River Plate,buenos aires, 
918,N. Domínguez,Racing Club,avellaneda, 
919,Capa,Athletic Club de Bilbao,bilbao, 
920,Marcelo Goiano,Demir Grup Sivasspor,sivas, 
921,J. Seri,Galatasaray SK,istanbul, 
922,Bastos,Lazio,rome,"1960,"
923,M. Dahoud,Borussia Dortmund,dortmund, 
924,G. Maripán,Deportivo Alavés,vitoria-gasteiz, 
925,R. Battaglia,Sporting CP,lisbon, 
926,B. Santamaria,Angers SCO,angers, 
927,H. Hateboer,Atalanta,bergamo, 
928,M. Diagne,Galatasaray SK,istanbul, 
929,Y. Mina,Everton,liverpool, 
930,N. Elvedi,Borussia Mönchengladbach,mönchengladbach, 
931,M. Ødegaard,Real Sociedad,san sebastián, 
932,G. Arias,Racing Club,avellaneda, 
933,Joelinton,Newcastle United,newcastle upon tyne, 
934,O. Al Soma,Al Ahli,jeddah, 
935,J. Andersen,Olympique Lyonnais,lyon, 
936,Joan Jordán,Sevilla FC,seville, 
937,J. Bamba,LOSC Lille,lille, 
938,A. Meret,Napoli,naples, 
939,E. Skhiri,1. FC Köln,cologne, 
940,N. Amiri,Bayer 04 Leverkusen,leverkusen, 
941,M. Campaña,Club Atlético Independiente,avellaneda, 
942,B. Verbič,Dynamo Kyiv,kyiv, 
943,G. Martínez,Atlanta United,atlanta,"1996,"
944,Daniel Podence,Olympiacos CFP,piraeus, 
945,L. Tousart,Olympique Lyonnais,lyon, 
946,O. Zinchenko,Manchester City,manchester, 
947,S. Deli,Club Brugge KV,bruges, 
948,D. Zakaria,Borussia Mönchengladbach,mönchengladbach, 
949,G. Dzhikiya,Spartak Moskva,moscow,"1980,"
950,Ronaldo Esler,Clube Atlético Mineiro,belo horizonte, 
951,Claudio Coíntra,Internacional,porto alegre, 
952,Everticinho,Grêmio,porto alegre, 
953,Sidney Pessinho,Internacional,porto alegre, 
954,I. Diop,West Ham United,london,"2012,1948,1908,"
955,Y. Yazıcı,LOSC Lille,lille, 
956,D. Dumfries,PSV,eindhoven, 
957,H. Onyekuru,AS Monaco,monaco, 
958,Bruno Viana,SC Braga,braga, 
959,D. Rice,West Ham United,london,"2012,1948,1908,"
960,J. Ikoné,LOSC Lille,lille, 
961,F. Neuhaus,Borussia Mönchengladbach,mönchengladbach, 
962,I. Sarr,Watford,watford, 
963,C. Ünder,Roma,rome,"1960,"
964,M. Zaracho,Racing Club,avellaneda, 
965,Aarón Martín,1. FSV Mainz 05,mainz, 
966,J. Mateta,1. FSV Mainz 05,mainz, 
967,M. Ngadeu,KAA Gent,ghent, 
968,E. Bardhi,Levante Unión Deportiva,valencia, 
969,N. Maksimović,Getafe CF,getafe, 
970,Calero,RCD Espanyol de Barcelona,barcelona,"1992,"
971,Ferro,SL Benfica,lisbon, 
972,Júnior Moraes,Shakhtar Donetsk,donetsk, 
973,D. Baier,FC Augsburg,augsburg, 
974,Jô,Nagoya Grampus,nagoya, 
975,A. Pyatov,Shakhtar Donetsk,donetsk, 
976,Iván Ramis,SD Eibar,eibar, 
977,Iván Cuéllar,CD Leganés,leganés, 
978,K. Huntelaar,Ajax,amsterdam,"1928,"
979,J. Hart,Burnley,burnley, 
980,G. Clichy,İstanbul Başakşehir FK,istanbul, 
981,A. Young,Manchester United,manchester, 
982,R. Civelli,Club Atlético Banfield,banfield, 
983,D. Cvitanich,Racing Club,avellaneda, 
984,J. Farfán,FC Lokomotiv Moscow,moscow,"1980,"
985,Gelson Fernandes,Eintracht Frankfurt,frankfurt, 
986,Javi García,Real Betis Balompié,seville, 
987,V. Ibišević,Hertha BSC,berlin,"1936,"
988,G. Pellè,Shandong Taishan,jinan, 
989,B. Wright-Phillips,New York Red Bulls,harrison, 
990,G. Cahill,Crystal Palace,london,"2012,1948,1908,"
991,T. Walcott,Everton,liverpool, 
992,Danilo,Bologna,bologna, 
993,I. Scocco,River Plate,buenos aires, 
994,E. Elia,İstanbul Başakşehir FK,istanbul, 
995,L. Schøne,Genoa,genoa, 
996,G. Murray,Brighton & Hove Albion,brighton, 
997,Z. Junuzović,FC Red Bull Salzburg,salzburg, 
998,C. Bravo,Manchester City,manchester, 
999,V. Odjidja-Ofoe,KAA Gent,ghent, 
1000,P. Wernbloom,PAOK,thessaloniki, 
1001,R. Gurtner,Amiens SC,amiens, 
1002,M. Schneiderlin,Everton,liverpool, 
1003,Miguel Veloso,Hellas Verona,verona, 
1004,M. Layún,CF Monterrey,monterrey, 
1005,J. Lens,Beşiktaş JK,istanbul, 
1006,Varela,PAOK,thessaloniki, 
1007,L. Rémy,LOSC Lille,lille, 
1008,M. Suchý,FC Augsburg,augsburg, 
1009,S. De Maio,Udinese Calcio,udine, 
1010,P. Aguilar,Cruz Azul,mexico city,"1968,"
1011,G. Sio,Gençlerbirliği SK,ankara, 
1012,F. Delph,Everton,liverpool, 
1013,N. Subotić,1. FC Union Berlin,berlin,"1936,"
1014,Roberto,West Ham United,london,"2012,1948,1908,"
1015,M. Dossevi,Toulouse Football Club,toulouse, 
1016,A. Ogbonna,West Ham United,london,"2012,1948,1908,"
1017,I. Traoré,Borussia Mönchengladbach,mönchengladbach, 
1018,M. Carcela-González,Standard de Liège,liège, 
1019,R. Alessandrini,LA Galaxy,los angeles,"1984,1932,"
1020,Alan Kardec,Chongqing Liangjiang Athletic,chongqing, 
1021,Maurício,PAOK,thessaloniki, 
1022,A. Poli,Bologna,bologna, 
1023,O. Ighalo,Shanghai Shenhua FC,shanghai, 
1024,D. Drinkwater,Burnley,burnley, 
1025,Claudemir,SC Braga,braga, 
1026,Douglas,Vitória de Guimarães,guimarães, 
1027,A. Dzagoev,PFC CSKA Moscow,moscow,"1980,"
1028,M. Suárez,River Plate,buenos aires, 
1029,D. Janmaat,Watford,watford, 
1030,G. Bou,New England Revolution,foxborough, 
1031,A. Dragović,Bayer 04 Leverkusen,leverkusen, 
1032,S. Aziz,Fenerbahçe SK,istanbul, 
1033,J. Shelvey,Newcastle United,newcastle upon tyne, 
1034,A. Westwood,Burnley,burnley, 
1035,D. Latza,1. FSV Mainz 05,mainz, 
1036,Victor Sánchez,RCD Espanyol de Barcelona,barcelona,"1992,"
1037,T. Pukki,Norwich City,norwich, 
1038,J. Kucka,Parma,parma, 
1039,T. Rincón,Torino F.C.,turin, 
1040,C. Wood,Burnley,burnley, 
1041,Johnathan,Tianjin Jinmen Tiger FC,tianjin, 
1042,M. Plattenhardt,Hertha BSC,berlin,"1936,"
1043,Y. Mallı,VfL Wolfsburg,wolfsburg, 
1044,Carlos Eduardo,Al Hilal,riyadh, 
1045,L. Rodríguez,Club Atlético Colón,santa fe, 
1046,C. Tosun,Everton,liverpool, 
1047,D. Pröpper,Brighton & Hove Albion,brighton, 
1048,N. Gudelj,Sevilla FC,seville, 
1049,G. Burgstaller,FC Schalke 04,gelsenkirchen, 
1050,Rômulo,Genoa,genoa, 
1051,Y. El Arabi,Olympiacos CFP,piraeus, 
1052,Renan Ribeiro,Sporting CP,lisbon, 
1053,Fransérgio,SC Braga,braga, 
1054,O. Özyakup,Beşiktaş JK,istanbul, 
1055,J. Martin,RC Strasbourg Alsace,strasbourg, 
1056,Juanmi,Real Betis Balompié,seville, 
1057,P. Herrmann,Borussia Mönchengladbach,mönchengladbach, 
1058,R. Funes Mori,CF Monterrey,monterrey, 
1059,Tomás Pina,Deportivo Alavés,vitoria-gasteiz, 
1060,Cláudio Ramos,CD Tondela,tondela, 
1061,Sergio León,Levante Unión Deportiva,valencia, 
1062,N. Redmond,Southampton,southampton, 
1063,Lucas Pérez,Deportivo Alavés,vitoria-gasteiz, 
1064,André André,Vitória de Guimarães,guimarães, 
1065,R. Funes Mori,Villarreal CF,villarreal, 
1066,Wilson Eduardo,SC Braga,braga, 
1067,M. van Ginkel,Chelsea,london,"2012,1948,1908,"
1068,P. Hernández,Club Atlético Independiente,avellaneda, 
1069,Arbilla,SD Eibar,eibar, 
1070,Pedro Obiang,U.S. Sassuolo Calcio,sassuolo, 
1071,M. Bizot,AZ Alkmaar,alkmaar, 
1072,M. Esser,Hannover 96,hannover, 
1073,Bruno,Getafe CF,getafe, 
1074,T. Koubek,FC Augsburg,augsburg, 
1075,J. Forrest,Celtic,glasgow, 
1076,D. Sidibé,Everton,liverpool, 
1077,R. Saponara,Genoa,genoa, 
1078,L. Tonelli,Napoli,naples, 
1079,Pablo,FC Girondins de Bordeaux,bordeaux, 
1080,L. Kurzawa,Paris Saint-Germain,paris,"1924,1900,"
1081,E. Bičakčić,TSG Hoffenheim,sinsheim, 
1082,C. Piccini,Valencia CF,valencia, 
1083,C. Coady,Wolverhampton Wanderers,wolverhampton, 
1084,R. Knoche,VfL Wolfsburg,wolfsburg, 
1085,L. Bittencourt,TSG Hoffenheim,sinsheim, 
1086,A. Trebel,RSC Anderlecht,brussels, 
1087,M. Niang,Stade Rennais FC,rennes, 
1088,B. Reynet,Toulouse Football Club,toulouse, 
1089,Luís Neto,Sporting CP,lisbon, 
1090,K. Stöger,Fortuna Düsseldorf,düsseldorf, 
1091,O. Selnæs,Shenzhen FC,shenzhen, 
1092,M. Pereyra,Orlando City Soccer Club,orlando, 
1093,F. Fajr,Getafe CF,getafe, 
1094,N. Füllkrug,SV Werder Bremen,bremen, 
1095,L. Ocampos,Sevilla FC,seville, 
1096,L. Castro,Cagliari,cagliari, 
1097,V. Chiricheș,Napoli,naples, 
1098,S. Ristovski,Sporting CP,lisbon, 
1099,A. Younes,Napoli,naples, 
1100,M. De Sciglio,Juventus,turin, 
1101,W. Hughes,Watford,watford, 
1102,J. Grealish,Aston Villa,birmingham, 
1103,M. Weiser,Bayer 04 Leverkusen,leverkusen, 
1104,Sergio Rico,Sevilla FC,seville, 
1105,E. Vargas,Tigres U.A.N.L.,"san nicolás, nuevo león", 
1106,J. Lukaku,Lazio,rome,"1960,"
1107,Marçal,Olympique Lyonnais,lyon, 
1108,Roger,Levante Unión Deportiva,valencia, 
1109,K. Ayhan,Fortuna Düsseldorf,düsseldorf, 
1110,T. Strobl,Borussia Mönchengladbach,mönchengladbach, 
1111,R. Saïss,Wolverhampton Wanderers,wolverhampton, 
1112,Andreas Pereira,Manchester United,manchester, 
1113,Rubén Sobrino,Valencia CF,valencia, 
1114,Y. Bounou,Girona FC,girona, 
1115,K. Mbabu,VfL Wolfsburg,wolfsburg, 
1116,Emerson,Chelsea,london,"2012,1948,1908,"
1117,R. Pizarro,CF Monterrey,monterrey, 
1118,R. Centurión,Club Atlético de San Luis,san luis potosí, 
1119,M. Benassi,Fiorentina,florence, 
1120,S. Boufal,Southampton,southampton, 
1121,M. Elneny,Arsenal,london,"2012,1948,1908,"
1122,C. Vargas,Club Atlas,guadalajara, 
1123,Nacho,Real Valladolid CF,valladolid, 
1124,P. Max,FC Augsburg,augsburg, 
1125,P. Sisto,RC Celta de Vigo,vigo, 
1126,B. Mechele,Club Brugge KV,bruges, 
1127,A. Djiku,RC Strasbourg Alsace,strasbourg, 
1128,Y. Gerhardt,VfL Wolfsburg,wolfsburg, 
1129,Diego Llorente,Real Sociedad,san sebastian, 
1130,W. Cyprien,OGC Nice,nice, 
1131,C. Salcedo,Tigres U.A.N.L.,"san nicolás, nuevo león", 
1132,F. Acheampong,Tianjin Jinmen Tiger FC,tianjin, 
1133,N. Bentaleb,FC Schalke 04,gelsenkirchen, 
1134,F. Ferreyra,RCD Espanyol de Barcelona,barcelona,"1992,"
1135,P. Højbjerg,Southampton,southampton, 
1136,B. Bourigeaud,Stade Rennais FC,rennes, 
1137,L. Miranda,Club Tijuana,tijuana, 
1138,L. López,Boca Juniors,buenos aires, 
1139,M. Casco,River Plate,buenos aires, 
1140,P. Pérez,Club Atlético Independiente,avellaneda, 
1141,A. Petagna,SPAL,ferrara, 
1142,M. Sportiello,Atalanta,bergamo, 
1143,I. Bebou,TSG Hoffenheim,sinsheim, 
1144,K. Tete,Olympique Lyonnais,lyon, 
1145,Wendell,Bayer 04 Leverkusen,leverkusen, 
1146,Paulinho,SC Braga,braga, 
1147,M. Meza,CF Monterrey,monterrey, 
1148,G. Simeone,Fiorentina,florence, 
1149,J. Palomino,Atalanta,bergamo, 
1150,Pedro Henrique,Vitória de Guimarães,guimarães, 
1151,G. Escalante,SD Eibar,eibar, 
1152,A. Sanabria,Genoa,genoa, 
1153,D. Brooks,AFC Bournemouth,bournemouth, 
1154,J. Bednarek,Southampton,southampton, 
1155,R. Borré,River Plate,buenos aires, 
1156,A. Schöpf,FC Schalke 04,gelsenkirchen, 
1157,D. Calvert-Lewin,Everton,liverpool, 
1158,O. Duda,Hertha BSC,berlin,"1936,"
1159,A. Miranchuk,FC Lokomotiv Moscow,moscow,"1980,"
1160,Jorge Meré,1. FC Köln,cologne, 
1161,E. Ünal,Real Valladolid CF,valladolid, 
1162,B. Fernández,Portland Timbers,portland, 
1163,M. Pašalić,Atalanta,bergamo, 
1164,S. Lainer,Borussia Mönchengladbach,mönchengladbach, 
1165,P. Bernardoni,Nîmes Olympique,nîmes, 
1166,M. Lopez,Olympique de Marseille,marseille, 
1167,A. Marušić,Lazio,rome,"1960,"
1168,R. Bensebaini,Borussia Mönchengladbach,mönchengladbach, 
1169,L. Cook,AFC Bournemouth,bournemouth, 
1170,E. Boateng,Dalian Professional Football Club,dalian, 
1171,K. Lasagna,Udinese Calcio,udine, 
1172,Vallejo,Wolverhampton Wanderers,wolverhampton, 
1173,Alex Berenguer,Torino F.C.,turin, 
1174,K. Laimer,RB Leipzig,leipzig, 
1175,G. Rodríguez,Club América,mexico city,"1968,"
1176,C. Domínguez,Club Atlético Independiente,avellaneda, 
1177,Trezeguet,Aston Villa,birmingham, 
1178,N. Mukiele,RB Leipzig,leipzig, 
1179,Aritz Elustondo,Real Sociedad,san sebastian, 
1180,R. Ábila,Boca Juniors,buenos aires, 
1181,O. Colley,U.C. Sampdoria,genoa, 
1182,E. Audero,U.C. Sampdoria,genoa, 
1183,Borja Mayoral,Levante Unión Deportiva,valencia, 
1184,M. Vargas,RCD Espanyol de Barcelona,barcelona,"1992,"
1185,D. Calabria,AC Milan,milan, 
1186,D. Upamecano,RB Leipzig,leipzig, 
1187,Sergi Guardiola,Real Valladolid CF,valladolid, 
1188,G. Pereiro,PSV,eindhoven, 
1189,Córdoba,Athletic Club de Bilbao,bilbao, 
1190,S. Sensi,Inter,milan, 
1191,P. Lees-Melou,OGC Nice,nice, 
1192,Gazzolisco,Internacional,porto alegre, 
1193,Vieirundinho,Santos,santos, 
1194,Simão Acunha,Clube Atlético Mineiro,belo horizonte, 
1195,Formosandrinho,Botafogo,rio de janeiro, 
1196,M. Gaćinović,Eintracht Frankfurt,frankfurt, 
1197,M. Diakhaby,Valencia CF,valencia, 
1198,E. Akbaba,Galatasaray SK,istanbul, 
1199,N. Nández,Cagliari,cagliari, 
1200,E. Palacios,River Plate,buenos aires, 
1201,M. Grujić,Hertha BSC,berlin,"1936,"
1202,C. Nkunku,RB Leipzig,leipzig, 
1203,M. Arambarri,Getafe CF,getafe, 
1204,E. Mendy,Stade Rennais FC,rennes, 
1205,J. Mæhle,KRC Genk,genk, 
1206,P. Rosario,PSV,eindhoven, 
1207,R. Marin,Ajax,amsterdam,"1928,"
1208,Brais Méndez,RC Celta de Vigo,vigo, 
1209,Luiz Felipe,Lazio,rome,"1960,"
1210,N. Mazraoui,Ajax,amsterdam,"1928,"
1211,F. Bustos,Club Atlético Independiente,avellaneda, 
1212,A. Barák,Udinese Calcio,udine, 
1213,M. Rojas,Racing Club,avellaneda, 
1214,S. McTominay,Manchester United,manchester, 
1215,C. Luyindama,Galatasaray SK,istanbul, 
1216,P. Cutrone,Wolverhampton Wanderers,wolverhampton, 
1217,Wendel,Sporting CP,lisbon, 
1218,F. Valverde,Real Madrid CF,madrid, 
1219,L. Martínez,Ajax,amsterdam,"1928,"
1220,Galeno,SC Braga,braga, 
1221,A. Paschalakis,PAOK,thessaloniki, 
1222,Y. Atal,OGC Nice,nice, 
1223,N. Vlašić,PFC CSKA Moscow,moscow,"1980,"
1224,Chiquinho,SL Benfica,lisbon, 
1225,P. Hrošovský,KRC Genk,genk, 
1226,Reguilón,Sevilla FC,seville, 
1227,Renan Lodi,Atlético de Madrid,madrid, 
1228,S. Proto,Lazio,rome,"1960,"
1229,J. Defoe,Rangers FC,glasgow, 
1230,P. Jagielka,Sheffield United,sheffield, 
1231,B. Schweinsteiger,Chicago Fire Football Club,chicago, 
1232,H. Kaldırım,Fenerbahçe SK,istanbul, 
1233,A. Hutchinson,Beşiktaş JK,istanbul, 
1234,J. Briand,FC Girondins de Bordeaux,bordeaux, 
1235,Gomes,Watford,watford, 
1236,B. Džemaili,Bologna,bologna, 
1237,L. Ponzio,River Plate,buenos aires, 
1238,R. Klavan,Cagliari,cagliari, 
1239,J. Dátolo,Club Atlético Banfield,banfield, 
1240,A. Turan,İstanbul Başakşehir FK,istanbul, 
1241,S. Kırıntılı,İttifak Holding Konyaspor,konya, 
1242,O. Wendt,Borussia Mönchengladbach,mönchengladbach, 
1243,Soldado,Granada CF,granada, 
1244,Diego Castro,Perth Glory,perth, 
1245,M. Gómez,VfB Stuttgart,stuttgart, 
1246,M. Noble,West Ham United,london,"2012,1948,1908,"
1247,J. Sand,Club Atlético Lanús,lanús, 
1248,P. Skjelbred,Hertha BSC,berlin,"1936,"
1249,R. Palacio,Bologna,bologna, 
1250,M. Bradley,Toronto FC,toronto, 
1251,R. Snodgrass,West Ham United,london,"2012,1948,1908,"
1252,Markel Bergara,Getafe CF,getafe, 
1253,A. Hunt,Hamburger SV,hamburg, 
1254,Léo Matos,PAOK,thessaloniki, 
1255,S. Bolat,Royal Antwerp FC,antwerp,"1920,"
1256,A. Mierzejewski,Chongqing Liangjiang Athletic,chongqing, 
1257,K. El Ahmadi,Al Ittihad,jeddah, 
1258,J. Orozco,Santos Laguna,torreon, 
1259,S. Sessègnon,Gençlerbirliği SK,ankara, 
1260,A. Diamanti,Western United FC,caroline springs, 
1261,D. Basta,Lazio,rome,"1960,"
1262,F. Higuaín,Columbus Crew,columbus, 
1263,Marcelo Grohe,Al Ittihad,jeddah, 
1264,S. Bocchetti,Hellas Verona,verona, 
1265,K. Vermeer,Feyenoord,rotterdam, 
1266,J. Cork,Burnley,burnley, 
1267,J. Rodriguez,Burnley,burnley, 
1268,G. dos Santos,Club América,mexico city,"1968,"
1269,J. McArthur,Crystal Palace,london,"2012,1948,1908,"
1270,J. Maidana,Deportivo Toluca,toluca, 
1271,D. Zurutuza,Real Sociedad,san sebastian, 
1272,S. Bamba,Cardiff City,cardiff, 
1273,Adrián,CA Osasuna,pamplona, 
1274,J. Altidore,Toronto FC,toronto, 
1275,W. Reid,West Ham United,london,"2012,1948,1908,"
1276,D. Chygrynskyi,AEK Athens,athens,"2004,1896,"
1277,A. Ayew,Swansea City,swansea, 
1278,O. Toivonen,Melbourne Victory,melbourne,"1956,"
1279,Mossoró,İstanbul Başakşehir FK,istanbul, 
1280,M. Fellaini,Shandong Taishan,jinan, 
1281,F. Lustenberger,BSC Young Boys,bern, 
1282,F. Johnson,Borussia Mönchengladbach,mönchengladbach, 
1283,Vieirinha,PAOK,thessaloniki, 
1284,J. De Guzmán,Eintracht Frankfurt,frankfurt, 
1285,Fabricio,Fulham,london,"2012,1948,1908,"
1286,D. Biseswar,PAOK,thessaloniki, 
1287,T. Mangani,Angers SCO,angers, 
1288,R. Donk,Galatasaray SK,istanbul, 
1289,Pablo Hernández,Leeds United,leeds, 
1290,Ki Sung Yueng,Newcastle United,newcastle upon tyne, 
1291,C. Cathcart,Watford,watford, 
1292,B. Dočkal,AC Sparta Praha,prague, 
1293,A. Ekdal,U.C. Sampdoria,genoa, 
1294,D. Stephens,Brighton & Hove Albion,brighton, 
1295,Beto,Göztepe SK,izmir, 
1296,R. Rosales,CD Leganés,leganés, 
1297,M. Albrighton,Leicester City,leicester, 
1298,M. Jørgensen,Fenerbahçe SK,istanbul, 
1299,E. Choupo-Moting,Paris Saint-Germain,paris,"1924,1900,"
1300,S. Terodde,1. FC Köln,cologne, 
1301,M. Moralez,New York City FC,new york, 
1302,F. Roncaglia,CA Osasuna,pamplona, 
1303,K. Papadopoulos,Hamburger SV,hamburg, 
1304,M. Lang,Borussia Mönchengladbach,mönchengladbach, 
1305,N. Sánchez,CF Monterrey,monterrey, 
1306,Á. Szalai,TSG Hoffenheim,sinsheim, 
1307,M. Stoch,PAOK,thessaloniki, 
1308,P. van Aanholt,Crystal Palace,london,"2012,1948,1908,"
1309,F. Borini,AC Milan,milan, 
1310,E. Hernández,Cruz Azul,mexico city,"1968,"
1311,T. Gebre Selassie,SV Werder Bremen,bremen, 
1312,I. Radovanović,Genoa,genoa, 
1313,Kiko Olivas,Real Valladolid CF,valladolid, 
1314,C. Kouyaté,Crystal Palace,london,"2012,1948,1908,"
1315,O. El Kaddouri,PAOK,thessaloniki, 
1316,Rochina,Levante Unión Deportiva,valencia, 
1317,L. Acosta,Club Atlético Lanús,lanús, 
1318,Diogo Viana,SC Braga,braga, 
1319,C. Villanueva,Al Ittihad,jeddah, 
1320,M. Schmelzer,Borussia Dortmund,dortmund, 
1321,Miguel Lopes,Yukatel Kayserispor,kayseri, 
1322,E. Berisha,SPAL,ferrara, 
1323,A. McCarthy,Southampton,southampton, 
1324,Iturraspe,RCD Espanyol de Barcelona,barcelona,"1992,"
1325,A. Cresswell,West Ham United,london,"2012,1948,1908,"
1326,T. Cleverley,Watford,watford, 
1327,Kiko Femenía,Watford,watford, 
1328,Ł. Skorupski,Bologna,bologna, 
1329,T. Kolodziejczak,Tigres U.A.N.L.,"san nicolás, nuevo león", 
1330,S. Zuber,TSG Hoffenheim,sinsheim, 
1331,Rubén Pérez,CD Leganés,leganés, 
1332,A. Hansen,Rosenborg BK,trondheim, 
1333,T. Jantschke,Borussia Mönchengladbach,mönchengladbach, 
1334,E. Mangala,Valencia CF,valencia, 
1335,S. Blanco,Portland Timbers,portland, 
1336,D. Quintero,Minnesota United FC,saint paul, 
1337,I. Brizuela,Club Deportivo Guadalajara,guadalajara, 
1338,K. Théophile-Catherine,Dinamo Zagreb,zagreb, 
1339,A. Smith,AFC Bournemouth,bournemouth, 
1340,Y. Ōsako,SV Werder Bremen,bremen, 
1341,L. Chichizola,Getafe CF,getafe, 
1342,D. Reyes,Fenerbahçe SK,istanbul, 
1343,N. Araújo,RC Celta de Vigo,vigo, 
1344,E. Cardona,Pachuca,pachuca, 
1345,S. Padt,FC Groningen,groningen, 
1346,Júnior Caiçara,İstanbul Başakşehir FK,istanbul, 
1347,M. Jajalo,Udinese Calcio,udine, 
1348,R. Hamouma,AS Saint-Étienne,saint-étienne, 
1349,A. Schürrle,Spartak Moskva,moscow,"1980,"
1350,Aitor,Levante Unión Deportiva,valencia, 
1351,N. Viergever,PSV,eindhoven, 
1352,Portillo,Getafe CF,getafe, 
1353,A. Gray,Watford,watford, 
1354,P. Jansson,Brentford,london,"2012,1948,1908,"
1355,Montoya,Brighton & Hove Albion,brighton, 
1356,Adrián,Liverpool,liverpool, 
1357,A. Mooy,Brighton & Hove Albion,brighton, 
1358,D. Ings,Southampton,southampton, 
1359,D. Pabón,CF Monterrey,monterrey, 
1360,J. Martínez,Portimonense SC,portimão, 
1361,G. Moreno,Shanghai Shenhua FC,shanghai, 
1362,T. Gutiérrez,Junior FC,barranquilla, 
1363,Mexer,FC Girondins de Bordeaux,bordeaux, 
1364,Héldon,Al Taawoun,buraidah, 
1365,D. Boyata,Hertha BSC,berlin,"1936,"
1366,M. Höger,1. FC Köln,cologne, 
1367,C. Ortíz,CF Monterrey,monterrey, 
1368,Raúl Navas,CA Osasuna,pamplona, 
1369,M. Gabbiadini,U.C. Sampdoria,genoa, 
1370,S. Taïder,Club de Foot Montréal,montreal,"1976,"
1371,João Pedro,Cagliari,cagliari, 
1372,H. Tekin,Fenerbahçe SK,istanbul, 
1373,J. Clasie,AZ Alkmaar,alkmaar, 
1374,R. Inglese,Parma,parma, 
1375,Oriol Romeu,Southampton,southampton, 
1376,J. Guidetti,Deportivo Alavés,vitoria-gasteiz, 
1377,D. Praet,Leicester City,leicester, 
1378,L. Unnerstall,PSV,eindhoven, 
1379,N. Jørgensen,Feyenoord,rotterdam, 
1380,A. Maher,FC Utrecht,utrecht, 
1381,B. Raman,FC Schalke 04,gelsenkirchen, 
1382,C. Schindler,Huddersfield Town,huddersfield, 
1383,Juan Jesus,Roma,rome,"1960,"
1384,A. Wakaso,Vitória de Guimarães,guimarães, 
1385,E. Gigliotti,Deportivo Toluca,toluca, 
1386,Cédric,Southampton,southampton, 
1387,R. Morrison,Sheffield United,sheffield, 
1388,V. Darida,Hertha BSC,berlin,"1936,"
1389,R. Brady,Burnley,burnley, 
1390,F. Fernández,Newcastle United,newcastle upon tyne, 
1391,F. Klaus,VfL Wolfsburg,wolfsburg, 
1392,Aleix Vidal,Deportivo Alavés,vitoria-gasteiz, 
1393,O. Onazi,Trabzonspor,trabzon, 
1394,T. Monconduit,Amiens SC,amiens, 
1395,M. Elyounoussi,Southampton,southampton, 
1396,A. Knockaert,Fulham,london,"2012,1948,1908,"
1397,J. Bořil,SK Slavia Praha,prague, 
1398,S. Sanogo,Al Ittihad,jeddah, 
1399,J. Locadia,Brighton & Hove Albion,brighton, 
1400,R. Ruidíaz,Seattle Sounders FC,seattle, 
1401,J. Campbell,Club León,león, 
1402,R. Ibarra,Club América,mexico city,"1968,"
1403,Toño García,Levante Unión Deportiva,valencia, 
1404,C. Taylor,Burnley,burnley, 
1405,N. Sliti,Ettifaq FC,dammam, 
1406,S. Kverkvelia,FC Lokomotiv Moscow,moscow,"1980,"
1407,Alberto Moreno,Villarreal CF,villarreal, 
1408,D. Gayle,Newcastle United,newcastle upon tyne, 
1409,S. Denswil,Bologna,bologna, 
1410,M. Livaja,AEK Athens,athens,"2004,1896,"
1411,Y. Mvogo,RB Leipzig,leipzig, 
1412,I. Hayden,Newcastle United,newcastle upon tyne, 
1413,D. Heintz,Sport-Club Freiburg,freiburg, 
1414,D. Garmash,Dynamo Kyiv,kyiv, 
1415,Y. Abdelhamid,Stade de Reims,reims, 
1416,Paulinho,Portimonense SC,portimão, 
1417,Matheus,SC Braga,braga, 
1418,G. González,LA Galaxy,los angeles,"1984,1932,"
1419,A. Thomasson,RC Strasbourg Alsace,strasbourg, 
1420,Guilherme,Olympiacos CFP,piraeus, 
1421,D. Siovas,CD Leganés,leganés, 
1422,E. Mena,Racing Club,avellaneda, 
1423,Garry Rodrigues,Fenerbahçe SK,istanbul, 
1424,J. Córdoba,1. FC Köln,cologne, 
1425,A. Szymanowski,CD Leganés,leganés, 
1426,A. Rusnák,Real Salt Lake,sandy, 
1427,R. Steffen,VfL Wolfsburg,wolfsburg, 
1428,Paulo Oliveira,SD Eibar,eibar, 
1429,B. Engels,Aston Villa,birmingham, 
1430,C. McGregor,Celtic,glasgow, 
1431,Rubén Blanco,RC Celta de Vigo,vigo, 
1432,Fernandinho,Hebei FC,shijiazhuang, 
1433,K. Linetty,U.C. Sampdoria,genoa, 
1434,Luiz Phellype,Sporting CP,lisbon, 
1435,P. Gollini,Atalanta,bergamo, 
1436,Pere Pons,Deportivo Alavés,vitoria-gasteiz, 
1437,R. Khedira,FC Augsburg,augsburg, 
1438,D. Kohr,Eintracht Frankfurt,frankfurt, 
1439,Ricardo Esgaio,SC Braga,braga, 
1440,A. Masuaku,West Ham United,london,"2012,1948,1908,"
1441,L. Augustinsson,SV Werder Bremen,bremen, 
1442,D. Yedlin,Newcastle United,newcastle upon tyne, 
1443,J. Hendrix,PSV,eindhoven, 
1444,Ó. Duarte,Levante Unión Deportiva,valencia, 
1445,F. Di Francesco,SPAL,ferrara, 
1446,M. Uribe,FC Porto,porto, 
1447,F. Mancuello,Deportivo Toluca,toluca, 
1448,M. Benítez,Club Atlético Independiente,avellaneda, 
1449,A. Aguerre,Newell's Old Boys,rosario, 
1450,G. Herrera,Club Atlético Talleres,córdoba, 
1451,D. Türüç,Fenerbahçe SK,istanbul, 
1452,M. Cornet,Olympique Lyonnais,lyon, 
1453,S. Widmer,FC Basel 1893,basel, 
1454,A. Gunn,Southampton,southampton, 
1455,Wallace,Lazio,rome,"1960,"
1456,Gonçalo Paciência,Eintracht Frankfurt,frankfurt, 
1457,Rúben Semedo,Olympiacos CFP,piraeus, 
1458,A. Blake,Philadelphia Union,philadelphia, 
1459,Sequeira,SC Braga,braga, 
1460,T. Bongonda,KRC Genk,genk, 
1461,J. Izquierdo,Brighton & Hove Albion,brighton, 
1462,I. Pussetto,Udinese Calcio,udine, 
1463,Camarasa,Crystal Palace,london,"2012,1948,1908,"
1464,S. Gigot,Spartak Moskva,moscow,"1980,"
1465,T. Didillon,RSC Anderlecht,brussels, 
1466,Embarba,Rayo Vallecano,madrid, 
1467,L. Waldschmidt,Sport-Club Freiburg,freiburg, 
1468,E. Valencia,Tigres U.A.N.L.,"san nicolás, nuevo león", 
1469,Ó. Romero,San Lorenzo de Almagro,buenos aires, 
1470,Jaume,Valencia CF,valencia, 
1471,A. Živković,SL Benfica,lisbon, 
1472,B. Ndiaye,Stoke City,stoke-on-trent, 
1473,L. Acosta,D.C. United,"washington, d.c.", 
1474,M. Locatelli,U.S. Sassuolo Calcio,sassuolo, 
1475,B. Embolo,Borussia Mönchengladbach,mönchengladbach, 
1476,T. Castagne,Atalanta,bergamo, 
1477,Otávio,FC Girondins de Bordeaux,bordeaux, 
1478,M. Nakamba,Aston Villa,birmingham, 
1479,Á. Mena,Club León,león, 
1480,F. Cervi,SL Benfica,lisbon, 
1481,A. Briançon,Nîmes Olympique,nîmes, 
1482,R. Gosens,Atalanta,bergamo, 
1483,F. Kamano,FC Girondins de Bordeaux,bordeaux, 
1484,Y. Gómez Andrade,Unión de Santa Fe,santa fe, 
1485,M. Çelik,LOSC Lille,lille, 
1486,Bustinza,CD Leganés,leganés, 
1487,F. Andone,Brighton & Hove Albion,brighton, 
1488,D. Ćaleta-Car,Olympique de Marseille,marseille, 
1489,İ. Kahveci,İstanbul Başakşehir FK,istanbul, 
1490,R. Mandragora,Udinese Calcio,udine, 
1491,J. Augustin,RB Leipzig,leipzig, 
1492,M. Díaz,Boca Juniors,buenos aires, 
1493,K. Tierney,Arsenal,london,"2012,1948,1908,"
1494,Rubén Duarte,Deportivo Alavés,vitoria-gasteiz, 
1495,Álex Remiro,Real Sociedad,san sebastian, 
1496,F. Guilbert,Aston Villa,birmingham, 
1497,R. Holding,Arsenal,london,"2012,1948,1908,"
1498,Pedraza,Real Betis Balompié,seville, 
1499,Matheus Pereira,West Bromwich Albion,west bromwich, 
